4.331972450017929077e-03,8.476194925606250763e-03,1.082665085792541504e+00,-2.114089019596576691e-02,3.504178673028945923e-02,6.832370758056640625e-01,7.290488481521606445e-01,1.498709246516227722e-02,-3.759871795773506165e-02,7.214836031198501587e-02,-2.497397959232330322e-01,7.567483466118574142e-03,7.074127793312072754e-01,1.487555205821990967e-01,1.879310309886932373e-01,1.186958551406860352e+00,2.374086856842041016e+00,-1.788311451673507690e-01,-2.780146896839141846e-01,-2.329452522099018097e-02,7.075410485267639160e-01,1.584779322147369385e-01,-1.451726406812667847e-01,1.187400698661804199e+00,2.374964952468872070e+00
4.423014353960752487e-03,9.919630363583564758e-03,1.084616541862487793e+00,-3.468701243400573730e-02,4.857127740979194641e-02,6.827819943428039551e-01,7.281801700592041016e-01,1.056545227766036987e-02,-3.612205386161804199e-02,6.840079277753829956e-02,-2.935978174209594727e-01,7.599131204187870026e-03,7.141450643539428711e-01,1.133887991309165955e-01,1.864793598651885986e-01,1.221493005752563477e+00,2.443105220794677734e+00,-1.761074513196945190e-01,-3.204685747623443604e-01,-1.552279759198427200e-02,7.141458988189697266e-01,1.207292452454566956e-01,-1.434559673070907593e-01,1.221501588821411133e+00,2.443121433258056641e+00
4.581146873533725739e-03,1.027256157249212265e-02,1.084462642669677734e+00,-3.817404806613922119e-02,5.198671668767929077e-02,6.829562783241271973e-01,7.276062369346618652e-01,8.888086304068565369e-03,-3.481127321720123291e-02,6.701025366783142090e-02,-3.052974939346313477e-01,7.632740307599306107e-03,7.141659855842590332e-01,1.106367483735084534e-01,1.872539669275283813e-01,1.221660494804382324e+00,2.443450212478637695e+00,-1.782893538475036621e-01,-3.317888081073760986e-01,-1.235696580260992050e-02,7.141659855842590332e-01,1.177211105823516846e-01,-1.421271264553070068e-01,1.221660494804382324e+00,2.443450212478637695e+00
4.654224030673503876e-03,1.046886667609214783e-02,1.084449410438537598e+00,-3.910344094038009644e-02,5.276019498705863953e-02,6.833649873733520508e-01,7.271173596382141113e-01,7.884434424340724945e-03,-3.364781290292739868e-02,6.606451421976089478e-02,-3.082315921783447266e-01,7.847272790968418121e-03,7.141659855842590332e-01,1.118790581822395325e-01,1.886901855468750000e-01,1.221660614013671875e+00,2.443450450897216797e+00,-1.804272234439849854e-01,-3.343921601772308350e-01,-1.099146623164415359e-02,7.141659855842590332e-01,1.193698346614837646e-01,-1.413656026124954224e-01,1.221660614013671875e+00,2.443450450897216797e+00
4.819110501557588577e-03,1.068852748721837997e-02,1.084492444992065430e+00,-3.934099897742271423e-02,5.285752564668655396e-02,6.837474703788757324e-01,7.267377376556396484e-01,7.240569218993186951e-03,-3.273246437311172485e-02,6.502577662467956543e-02,-3.086893260478973389e-01,8.262737654149532318e-03,7.141659855842590332e-01,1.129674911499023438e-01,1.903070062398910522e-01,1.221660614013671875e+00,2.443450450897216797e+00,-1.818486750125885010e-01,-3.345700800418853760e-01,-1.025445945560932159e-02,7.141659855842590332e-01,1.205860376358032227e-01,-1.411200165748596191e-01,1.221660614013671875e+00,2.443450450897216797e+00
4.930307622998952866e-03,1.086219400167465210e-02,1.084517478942871094e+00,-3.938533365726470947e-02,5.273863300681114197e-02,6.840422749519348145e-01,7.264664769172668457e-01,6.841726601123809814e-03,-3.199274465441703796e-02,6.405307352542877197e-02,-3.084665834903717041e-01,8.722893893718719482e-03,7.141659855842590332e-01,1.136615723371505737e-01,1.916218101978302002e-01,1.221660614013671875e+00,2.443450450897216797e+00,-1.829048693180084229e-01,-3.341226577758789062e-01,-9.800802916288375854e-03,7.141659855842590332e-01,1.208487302064895630e-01,-1.412337422370910645e-01,1.221660614013671875e+00,2.443450450897216797e+00
5.016745068132877350e-03,1.098130363970994949e-02,1.084480404853820801e+00,-3.942596539855003357e-02,5.261983722448348999e-02,6.842656135559082031e-01,7.262625694274902344e-01,6.603480316698551178e-03,-3.123177960515022278e-02,6.336501240730285645e-02,-3.083282113075256348e-01,9.132338687777519226e-03,7.141659855842590332e-01,1.141020134091377258e-01,1.921907961368560791e-01,1.221660614013671875e+00,2.443450450897216797e+00,-1.838464587926864624e-01,-3.337887227535247803e-01,-9.433589875698089600e-03,7.141659855842590332e-01,1.204451620578765869e-01,-1.413966864347457886e-01,1.221660614013671875e+00,2.443450450897216797e+00
5.086090415716171265e-03,1.105818152427673340e-02,1.084438681602478027e+00,-3.951867669820785522e-02,5.259365960955619812e-02,6.844352483749389648e-01,7.260995507240295410e-01,6.482837721705436707e-03,-3.058970719575881958e-02,6.280682235956192017e-02,-3.084868788719177246e-01,9.416569955646991730e-03,7.141659855842590332e-01,1.140420883893966675e-01,1.919268667697906494e-01,1.221660614013671875e+00,2.443450450897216797e+00,-1.847027242183685303e-01,-3.337601423263549805e-01,-9.054774418473243713e-03,7.141659855842590332e-01,1.202638968825340271e-01,-1.411905139684677124e-01,1.221660614013671875e+00,2.443450450897216797e+00
5.120399408042430878e-03,1.106848008930683136e-02,1.084406852722167969e+00,-3.963968530297279358e-02,5.265482515096664429e-02,6.845558285713195801e-01,7.259748578071594238e-01,6.459507625550031662e-03,-3.003865294158458710e-02,6.223656609654426575e-02,-3.088769316673278809e-01,9.564322419464588165e-03,7.141659855842590332e-01,1.138460934162139893e-01,1.914588361978530884e-01,1.221660614013671875e+00,2.443450450897216797e+00,-1.855198144912719727e-01,-3.340240120887756348e-01,-8.693555369973182678e-03,7.141659855842590332e-01,1.205225735902786255e-01,-1.408573836088180542e-01,1.221660614013671875e+00,2.443450450897216797e+00
5.110099911689758301e-03,1.105997432023286819e-02,1.084427475929260254e+00,-3.984777629375457764e-02,5.283639580011367798e-02,6.847137212753295898e-01,7.258013486862182617e-01,6.474067457020282745e-03,-2.982717007398605347e-02,6.148037686944007874e-02,-3.095681667327880859e-01,9.604058228433132172e-03,7.141659855842590332e-01,1.139997839927673340e-01,1.910976022481918335e-01,1.221660614013671875e+00,2.443450450897216797e+00,-1.862458586692810059e-01,-3.345967233180999756e-01,-8.330451324582099915e-03,7.141659855842590332e-01,1.211483702063560486e-01,-1.407895088195800781e-01,1.221660614013671875e+00,2.443450450897216797e+00
5.020199809223413467e-03,1.103161647915840149e-02,1.084431886672973633e+00,-4.016833752393722534e-02,5.311932787299156189e-02,6.848952770233154297e-01,7.255917191505432129e-01,6.449650507420301437e-03,-2.981766127049922943e-02,6.079385802149772644e-02,-3.106668293476104736e-01,9.551916271448135376e-03,7.141659855842590332e-01,1.142508089542388916e-01,1.908076256513595581e-01,1.221660614013671875e+00,2.443450450897216797e+00,-1.870355904102325439e-01,-3.355692028999328613e-01,-7.919952273368835449e-03,7.141659855842590332e-01,1.217632368206977844e-01,-1.412141919136047363e-01,1.221660614013671875e+00,2.443450450897216797e+00
4.890039097517728806e-03,1.083045173436403275e-02,1.084395170211791992e+00,-4.066023603081703186e-02,5.332843959331512451e-02,6.851834654808044434e-01,7.252767682075500488e-01,6.163812242448329926e-03,-2.986053563654422760e-02,6.029023975133895874e-02,-3.122283816337585449e-01,9.743812493979930878e-03,7.141659855842590332e-01,1.144075617194175720e-01,1.905780583620071411e-01,1.221660614013671875e+00,2.443450450897216797e+00,-1.877674311399459839e-01,-3.367095291614532471e-01,-8.523843251168727875e-03,7.141659855842590332e-01,1.224854588508605957e-01,-1.424647271633148193e-01,1.221660614013671875e+00,2.443450450897216797e+00
4.646761808544397354e-03,1.068328134715557098e-02,1.084363460540771484e+00,-4.102077335119247437e-02,5.369522422552108765e-02,6.854610443115234375e-01,7.249671220779418945e-01,6.176115013659000397e-03,-3.014148585498332977e-02,5.976362898945808411e-02,-3.137563169002532959e-01,9.344119578599929810e-03,7.141659855842590332e-01,1.144864186644554138e-01,1.902663409709930420e-01,1.221660614013671875e+00,2.443450450897216797e+00,-1.888475865125656128e-01,-3.379836082458496094e-01,-8.190048858523368835e-03,7.141659855842590332e-01,1.227012947201728821e-01,-1.427819430828094482e-01,1.221660614013671875e+00,2.443450450897216797e+00
4.346260335296392441e-03,1.060655713081359863e-02,1.084344863891601562e+00,-4.133825004100799561e-02,5.407764762639999390e-02,6.856203079223632812e-01,7.247700095176696777e-01,6.291509605944156647e-03,-3.050984628498554230e-02,5.912151187658309937e-02,-3.150830864906311035e-01,8.866237476468086243e-03,7.141659855842590332e-01,1.147269234061241150e-01,1.899453997611999512e-01,1.221660614013671875e+00,2.443450450897216797e+00,-1.903781890869140625e-01,-3.392508924007415771e-01,-7.846188731491565704e-03,7.141659855842590332e-01,1.228626295924186707e-01,-1.428937464952468872e-01,1.221660614013671875e+00,2.443450450897216797e+00
4.069473128765821457e-03,1.055559143424034119e-02,1.084370613098144531e+00,-4.176363348960876465e-02,5.451334640383720398e-02,6.859149336814880371e-01,7.244341373443603516e-01,6.370549555867910385e-03,-3.052994608879089355e-02,5.841875076293945312e-02,-3.154166340827941895e-01,8.054056204855442047e-03,7.141659855842590332e-01,1.140071824193000793e-01,1.893473416566848755e-01,1.221660614013671875e+00,2.443450450897216797e+00,-1.919195652008056641e-01,-3.407185971736907959e-01,-7.454074919223785400e-03,7.141659855842590332e-01,1.231261119246482849e-01,-1.427724510431289673e-01,1.221660614013671875e+00,2.443450450897216797e+00
3.768714144825935364e-03,1.055997330695390701e-02,1.084373712539672852e+00,-4.207065701484680176e-02,5.483681708574295044e-02,6.861718297004699707e-01,7.241485714912414551e-01,6.436620838940143585e-03,-3.039332665503025055e-02,5.763761326670646667e-02,-3.165910243988037109e-01,7.835477590560913086e-03,7.141659855842590332e-01,1.138989850878715515e-01,1.893954426050186157e-01,1.221660614013671875e+00,2.443450450897216797e+00,-1.928261071443557739e-01,-3.417410850524902344e-01,-7.350550498813390732e-03,7.141659855842590332e-01,1.231670156121253967e-01,-1.428104341030120850e-01,1.221660614013671875e+00,2.443450450897216797e+00
3.423538291826844215e-03,1.055383309721946716e-02,1.084353685379028320e+00,-4.243282228708267212e-02,5.511520057916641235e-02,6.863873004913330078e-01,7.239021062850952148e-01,6.490973290055990219e-03,-3.010425157845020294e-02,5.695308744907379150e-02,-3.177868425846099854e-01,7.777805905789136887e-03,7.141659855842590332e-01,1.138428449630737305e-01,1.897466629743576050e-01,1.221660614013671875e+00,2.443450450897216797e+00,-1.932366490364074707e-01,-3.427408933639526367e-01,-7.259369827806949615e-03,7.141659855842590332e-01,1.229941546916961670e-01,-1.430758982896804810e-01,1.221660614013671875e+00,2.443450450897216797e+00
3.045879304409027100e-03,1.058008335530757904e-02,1.084334731101989746e+00,-4.281080514192581177e-02,5.537154525518417358e-02,6.865177750587463379e-01,7.237365245819091797e-01,6.500012706965208054e-03,-2.968854270875453949e-02,5.632495880126953125e-02,-3.189423084259033203e-01,7.744952104985713959e-03,7.141659855842590332e-01,1.136945039033889771e-01,1.899488568305969238e-01,1.221660614013671875e+00,2.443450450897216797e+00,-1.934613883495330811e-01,-3.436688184738159180e-01,-7.159847766160964966e-03,7.141659855842590332e-01,1.227001175284385681e-01,-1.436513811349868774e-01,1.221660614013671875e+00,2.443450450897216797e+00
2.661657752469182014e-03,1.051740534603595734e-02,1.084319591522216797e+00,-4.316652938723564148e-02,5.556098371744155884e-02,6.866513490676879883e-01,7.235741019248962402e-01,6.524488795548677444e-03,-2.924521081149578094e-02,5.611410737037658691e-02,-3.199690282344818115e-01,7.689330726861953735e-03,7.141659855842590332e-01,1.136183962225914001e-01,1.897821873426437378e-01,1.221660614013671875e+00,2.443450450897216797e+00,-1.938476115465164185e-01,-3.444267213344573975e-01,-7.017576601356267929e-03,7.141659855842590332e-01,1.223730966448783875e-01,-1.441571712493896484e-01,1.221660614013671875e+00,2.443450450897216797e+00
2.313789213076233864e-03,1.050577964633703232e-02,1.084284901618957520e+00,-4.349071532487869263e-02,5.568538606166839600e-02,6.867497563362121582e-01,7.234517931938171387e-01,6.513647735118865967e-03,-2.863146923482418060e-02,5.641163885593414307e-02,-3.208287954330444336e-01,7.540906313806772232e-03,7.141659855842590332e-01,1.133868992328643799e-01,1.892534196376800537e-01,1.221660614013671875e+00,2.443450450897216797e+00,-1.944801509380340576e-01,-3.450048565864562988e-01,-6.809247657656669617e-03,7.141659855842590332e-01,1.219381392002105713e-01,-1.445685625076293945e-01,1.221660614013671875e+00,2.443450450897216797e+00
2.038539154455065727e-03,1.060731150209903717e-02,1.084251642227172852e+00,-4.372109845280647278e-02,5.575933679938316345e-02,6.867789030075073242e-01,7.234045267105102539e-01,6.365954410284757614e-03,-2.797306329011917114e-02,5.675742402672767639e-02,-3.213096261024475098e-01,7.287743501365184784e-03,7.141659855842590332e-01,1.130213662981987000e-01,1.885589361190795898e-01,1.221660614013671875e+00,2.443450450897216797e+00,-1.952243298292160034e-01,-3.453624546527862549e-01,-6.651155184954404831e-03,7.141659855842590332e-01,1.217940449714660645e-01,-1.449379175901412964e-01,1.221660614013671875e+00,2.443450450897216797e+00
1.707171439193189144e-03,1.078858319669961929e-02,1.084210395812988281e+00,-4.384846985340118408e-02,5.576568096876144409e-02,6.868683695793151855e-01,7.233114242553710938e-01,6.104908417910337448e-03,-2.726779133081436157e-02,5.711635574698448181e-02,-3.214382529258728027e-01,6.972618401050567627e-03,7.141659855842590332e-01,1.127641946077346802e-01,1.879669725894927979e-01,1.221660614013671875e+00,2.443450450897216797e+00,-1.959642916917800903e-01,-3.454666435718536377e-01,-6.667173001915216446e-03,7.141659855842590332e-01,1.220304667949676514e-01,-1.451892852783203125e-01,1.221660614013671875e+00,2.443450450897216797e+00
1.316017820499837399e-03,1.111841108649969101e-02,1.084185481071472168e+00,-4.391911998391151428e-02,5.575603619217872620e-02,6.869975924491882324e-01,7.231851220130920410e-01,5.872556474059820175e-03,-2.657519839704036713e-02,5.718731135129928589e-02,-3.214496076107025146e-01,6.616007070988416672e-03,7.141659855842590332e-01,1.126034855842590332e-01,1.872119903564453125e-01,1.221660614013671875e+00,2.443450450897216797e+00,-1.966286599636077881e-01,-3.454515635967254639e-01,-6.862880662083625793e-03,7.141659855842590332e-01,1.225087493658065796e-01,-1.451389193534851074e-01,1.221660614013671875e+00,2.443450450897216797e+00
8.902965928427875042e-04,1.157763600349426270e-02,1.084179997444152832e+00,-4.393943026661872864e-02,5.577080324292182922e-02,6.869912743568420410e-01,7.231886982917785645e-01,5.701479502022266388e-03,-2.585363574326038361e-02,5.701551213860511780e-02,-3.213345110416412354e-01,6.179167423397302628e-03,7.141659855842590332e-01,1.123691201210021973e-01,1.862848997116088867e-01,1.221660614013671875e+00,2.443450450897216797e+00,-1.974190920591354370e-01,-3.454156816005706787e-01,-7.118581328541040421e-03,7.141659855842590332e-01,1.227975636720657349e-01,-1.447857171297073364e-01,1.221660614013671875e+00,2.443450450897216797e+00
3.863785823341459036e-04,1.206483040004968643e-02,1.084185719490051270e+00,-4.395808279514312744e-02,5.578256398439407349e-02,6.870710253715515137e-01,7.231109142303466797e-01,5.594287533313035965e-03,-2.547559142112731934e-02,5.664608255028724670e-02,-3.211594521999359131e-01,5.803951527923345566e-03,7.141659855842590332e-01,1.120465695858001709e-01,1.854400038719177246e-01,1.221660614013671875e+00,2.443450450897216797e+00,-1.980618089437484741e-01,-3.452835977077484131e-01,-7.495730649679899216e-03,7.141659855842590332e-01,1.226312741637229919e-01,-1.445275694131851196e-01,1.221660614013671875e+00,2.443450450897216797e+00
-2.243610215373337269e-04,1.255489513278007507e-02,1.084240913391113281e+00,-4.399831593036651611e-02,5.576056614518165588e-02,6.873336434364318848e-01,7.228605747222900391e-01,5.529279354959726334e-03,-2.552415616810321808e-02,5.604684352874755859e-02,-3.209269642829895020e-01,5.472540855407714844e-03,7.141659855842590332e-01,1.116603538393974304e-01,1.851472854614257812e-01,1.221660614013671875e+00,2.443450450897216797e+00,-1.984956860542297363e-01,-3.449030518531799316e-01,-8.002778515219688416e-03,7.141659855842590332e-01,1.222081780433654785e-01,-1.447743326425552368e-01,1.221660614013671875e+00,2.443450450897216797e+00
-8.345163078047335148e-04,1.308959629386663437e-02,1.084297657012939453e+00,-4.400475323200225830e-02,5.567310005426406860e-02,6.876711249351501465e-01,7.225458025932312012e-01,5.592624191194772720e-03,-2.565288543701171875e-02,5.534063652157783508e-02,-3.205421268939971924e-01,5.124749150127172470e-03,7.141659855842590332e-01,1.114336848258972168e-01,1.851329803466796875e-01,1.221660614013671875e+00,2.443450450897216797e+00,-1.988927721977233887e-01,-3.442646563053131104e-01,-8.520551025867462158e-03,7.141659855842590332e-01,1.217069253325462341e-01,-1.451935023069381714e-01,1.221660614013671875e+00,2.443450450897216797e+00
-1.452222000807523727e-03,1.353626791387796402e-02,1.084295392036437988e+00,-4.397841542959213257e-02,5.556404590606689453e-02,6.880077719688415527e-01,7.222353219985961914e-01,5.796009209007024765e-03,-2.560560777783393860e-02,5.475805699825286865e-02,-3.201032876968383789e-01,4.771224223077297211e-03,7.141659855842590332e-01,1.112221702933311462e-01,1.847766190767288208e-01,1.221660614013671875e+00,2.443450450897216797e+00,-1.993930935859680176e-01,-3.435910940170288086e-01,-9.074731729924678802e-03,7.141659855842590332e-01,1.211927756667137146e-01,-1.455801427364349365e-01,1.221660614013671875e+00,2.443450450897216797e+00
-2.097595715895295143e-03,1.396394241601228714e-02,1.084325551986694336e+00,-4.399039223790168762e-02,5.554438009858131409e-02,6.882831454277038574e-01,7.219736576080322266e-01,6.244115531444549561e-03,-2.532043121755123138e-02,5.408296734094619751e-02,-3.198749125003814697e-01,4.364904016256332397e-03,7.141659855842590332e-01,1.111547052860260010e-01,1.843436956405639648e-01,1.221660614013671875e+00,2.443450450897216797e+00,-1.998863816261291504e-01,-3.431819379329681396e-01,-9.659727104008197784e-03,7.141659855842590332e-01,1.208397969603538513e-01,-1.461155563592910767e-01,1.221660614013671875e+00,2.443450450897216797e+00
-2.795619657263159752e-03,1.425611134618520737e-02,1.084323287010192871e+00,-4.413362219929695129e-02,5.561938509345054626e-02,6.886456608772277832e-01,7.216134071350097656e-01,6.940667983144521713e-03,-2.502963133156299591e-02,5.337577313184738159e-02,-3.201728165149688721e-01,4.004586488008499146e-03,7.141659855842590332e-01,1.111922338604927063e-01,1.835869103670120239e-01,1.221660614013671875e+00,2.443450450897216797e+00,-2.001556307077407837e-01,-3.431805968284606934e-01,-1.030290685594081879e-02,7.141659855842590332e-01,1.205126792192459106e-01,-1.468243300914764404e-01,1.221660614013671875e+00,2.443450450897216797e+00
-3.494787728413939476e-03,1.437310222536325455e-02,1.084312200546264648e+00,-4.438305273652076721e-02,5.580190196633338928e-02,6.890897154808044434e-01,7.211599349975585938e-01,7.708078250288963318e-03,-2.495572715997695923e-02,5.247395858168601990e-02,-3.209818601608276367e-01,3.600390627980232239e-03,7.141659855842590332e-01,1.113279759883880615e-01,1.825524121522903442e-01,1.221660614013671875e+00,2.443450450897216797e+00,-2.003639489412307739e-01,-3.435650765895843506e-01,-1.095448154956102371e-02,7.141659855842590332e-01,1.199555546045303345e-01,-1.478522270917892456e-01,1.221660614013671875e+00,2.443450450897216797e+00
-4.272883757948875427e-03,1.433409284800291061e-02,1.084249615669250488e+00,-4.476753622293472290e-02,5.606817081570625305e-02,6.896422505378723145e-01,7.205871343612670898e-01,8.351571857929229736e-03,-2.514726296067237854e-02,5.159388482570648193e-02,-3.223382830619812012e-01,3.144645830616354942e-03,7.141659855842590332e-01,1.111491098999977112e-01,1.813182681798934937e-01,1.221660614013671875e+00,2.443450450897216797e+00,-2.005108594894409180e-01,-3.443611860275268555e-01,-1.150878053158521652e-02,7.141659855842590332e-01,1.190999895334243774e-01,-1.489944756031036377e-01,1.221660614013671875e+00,2.443450450897216797e+00
-5.148439668118953705e-03,1.424271613359451294e-02,1.084172368049621582e+00,-4.536043107509613037e-02,5.648514628410339355e-02,6.902374029159545898e-01,7.199473381042480469e-01,8.850385434925556183e-03,-2.543227747082710266e-02,5.076676234602928162e-02,-3.243828415870666504e-01,2.691443543881177902e-03,7.141659855842590332e-01,1.106454208493232727e-01,1.797821372747421265e-01,1.221660614013671875e+00,2.443450450897216797e+00,-2.006144523620605469e-01,-3.457681834697723389e-01,-1.191156730055809021e-02,7.141659855842590332e-01,1.182543709874153137e-01,-1.498818546533584595e-01,1.221660614013671875e+00,2.443450450897216797e+00
-5.995831452310085297e-03,1.413309480994939804e-02,1.084092020988464355e+00,-4.616212472319602966e-02,5.715094134211540222e-02,6.907037496566772461e-01,7.193964123725891113e-01,9.123267605900764465e-03,-2.558755129575729370e-02,4.980162531137466431e-02,-3.272029459476470947e-01,2.278216183185577393e-03,7.141659855842590332e-01,1.100854426622390747e-01,1.779302358627319336e-01,1.221660614013671875e+00,2.443450450897216797e+00,-2.009670585393905640e-01,-3.480247557163238525e-01,-1.210493035614490509e-02,7.141659855842590332e-01,1.178667098283767700e-01,-1.507839411497116089e-01,1.221660614013671875e+00,2.443450450897216797e+00
-6.725135259330272675e-03,1.390711963176727295e-02,1.084036350250244141e+00,-4.726864397525787354e-02,5.793415755033493042e-02,6.912168264389038086e-01,7.187688350677490234e-01,8.803819306194782257e-03,-2.545653656125068665e-02,4.851445928215980530e-02,-3.307944834232330322e-01,2.183734904974699020e-03,7.141659855842590332e-01,1.097517088055610657e-01,1.761223226785659790e-01,1.221660614013671875e+00,2.443450450897216797e+00,-2.015435844659805298e-01,-3.515202999114990234e-01,-1.301409862935543060e-02,7.141659855842590332e-01,1.188509762287139893e-01,-1.532217115163803101e-01,1.221660614013671875e+00,2.443450450897216797e+00
-7.359872106462717056e-03,1.330493763089179993e-02,1.083974719047546387e+00,-4.867618158459663391e-02,5.906714871525764465e-02,6.917823553085327148e-01,7.180382013320922852e-01,8.126727305352687836e-03,-2.493231929838657379e-02,4.656699672341346741e-02,-3.351947963237762451e-01,7.122919196262955666e-04,7.141659855842590332e-01,1.094027832150459290e-01,1.729920804500579834e-01,1.221660614013671875e+00,2.443450450897216797e+00,-2.024233937263488770e-01,-3.558958172798156738e-01,-1.229880470782518387e-02,7.141659855842590332e-01,1.199555397033691406e-01,-1.557797342538833618e-01,1.221660614013671875e+00,2.443450450897216797e+00
-8.001037873327732086e-03,1.227691117674112320e-02,1.083702445030212402e+00,-5.048894137144088745e-02,6.076623499393463135e-02,6.923582553863525391e-01,7.172157168388366699e-01,7.294551469385623932e-03,-2.425661683082580566e-02,4.367906600236892700e-02,-3.422817587852478027e-01,4.991798778064548969e-04,7.141659855842590332e-01,1.106944531202316284e-01,1.703008264303207397e-01,1.221660614013671875e+00,2.443450450897216797e+00,-2.033494710922241211e-01,-3.623911738395690918e-01,-1.141400821506977081e-02,7.141659855842590332e-01,1.213669180870056152e-01,-1.586106568574905396e-01,1.221660614013671875e+00,2.443450450897216797e+00
-8.951094932854175568e-03,1.080262474715709686e-02,1.083320021629333496e+00,-5.351795628666877747e-02,6.346049159765243530e-02,6.930706501007080078e-01,7.160737514495849609e-01,5.884746089577674866e-03,-2.381443418562412262e-02,3.977192938327789307e-02,-3.535059392452239990e-01,5.208956426940858364e-04,7.141659855842590332e-01,1.129363626241683960e-01,1.674200445413589478e-01,1.221660614013671875e+00,2.443450450897216797e+00,-2.044816017150878906e-01,-3.726982474327087402e-01,-9.715375490486621857e-03,7.141659855842590332e-01,1.231505200266838074e-01,-1.616674363613128662e-01,1.221660614013671875e+00,2.443450450897216797e+00
-1.036232523620128632e-02,8.694022893905639648e-03,1.082813739776611328e+00,-5.811166018247604370e-02,6.761128455400466919e-02,6.937577128410339355e-01,7.146691679954528809e-01,3.150379052385687828e-03,-2.327591925859451294e-02,3.463251888751983643e-02,-3.702439367771148682e-01,5.987103795632719994e-04,7.141659855842590332e-01,1.162191703915596008e-01,1.643100827932357788e-01,1.221660614013671875e+00,2.443450450897216797e+00,-2.058494985103607178e-01,-3.883560299873352051e-01,-7.092646323144435883e-03,7.141659855842590332e-01,1.258814483880996704e-01,-1.662007719278335571e-01,1.221660614013671875e+00,2.443450450897216797e+00
-1.229231711477041245e-02,6.011122837662696838e-03,1.082005023956298828e+00,-6.462769210338592529e-02,7.367584854364395142e-02,6.940854191780090332e-01,7.131904363632202148e-01,-1.432037912309169769e-03,-2.140241116285324097e-02,2.881511859595775604e-02,-3.939741551876068115e-01,4.065454122610390186e-04,7.141659855842590332e-01,1.193545609712600708e-01,1.609433144330978394e-01,1.221660614013671875e+00,2.443450450897216797e+00,-2.074721157550811768e-01,-4.109060466289520264e-01,-3.214008407667279243e-03,7.141659855842590332e-01,1.299357116222381592e-01,-1.727859377861022949e-01,1.221660614013671875e+00,2.443450450897216797e+00
-1.439854595810174942e-02,3.232334740459918976e-03,1.080646276473999023e+00,-7.339630275964736938e-02,8.200594782829284668e-02,6.941894292831420898e-01,7.113290429115295410e-01,-6.837940309196710587e-03,-1.753667183220386505e-02,2.408794872462749481e-02,-4.258084893226623535e-01,-5.894177011214196682e-04,7.141659855842590332e-01,1.224507465958595276e-01,1.577676385641098022e-01,1.221660614013671875e+00,2.443450450897216797e+00,-2.098464369773864746e-01,-4.412420392036437988e-01,2.647174755111336708e-03,7.141659855842590332e-01,1.345609277486801147e-01,-1.790923178195953369e-01,1.221660614013671875e+00,2.443450450897216797e+00
-1.659102737903594971e-02,-1.668473305471707135e-05,1.078121423721313477e+00,-8.406940102577209473e-02,9.229590743780136108e-02,6.942451000213623047e-01,7.088283300399780273e-01,-1.159466896206140518e-02,-1.219207979738712311e-02,2.079046890139579773e-02,-4.655996859073638916e-01,-2.453668741509318352e-03,7.141659855842590332e-01,1.259823441505432129e-01,1.548489332199096680e-01,1.221660614013671875e+00,2.443450450897216797e+00,-2.138419002294540405e-01,-4.792155027389526367e-01,1.027704030275344849e-02,7.141659855842590332e-01,1.387809216976165771e-01,-1.829765290021896362e-01,1.221660614013671875e+00,2.443450450897216797e+00
-1.867267675697803497e-02,-4.051103722304105759e-03,1.074016332626342773e+00,-9.615606814622879028e-02,1.042218953371047974e-01,6.943218708038330078e-01,7.055557370185852051e-01,-1.573671586811542511e-02,-6.453323643654584885e-03,1.856937073171138763e-02,-5.122683644294738770e-01,-4.956044722348451614e-03,7.141659855842590332e-01,1.319373548030853271e-01,1.518404781818389893e-01,1.221660614013671875e+00,2.443450450897216797e+00,-2.199199050664901733e-01,-5.238813757896423340e-01,1.918701827526092529e-02,7.141659855842590332e-01,1.431958079338073730e-01,-1.847878694534301758e-01,1.221660614013671875e+00,2.443450450897216797e+00
-2.047477848827838898e-02,-8.759637363255023956e-03,1.068272471427917480e+00,-1.091018319129943848e-01,1.172546297311782837e-01,6.943596005439758301e-01,7.015788555145263672e-01,-1.937309652566909790e-02,-6.872161757200956345e-04,1.696332916617393494e-02,-5.636401176452636719e-01,-7.878108881413936615e-03,7.141659855842590332e-01,1.418772786855697632e-01,1.480367034673690796e-01,1.221660614013671875e+00,2.443450450897216797e+00,-2.280915230512619019e-01,-5.730515122413635254e-01,2.920534461736679077e-02,7.141659855842590332e-01,1.496855765581130981e-01,-1.854927539825439453e-01,1.221660614013671875e+00,2.443450450897216797e+00
-2.172790840268135071e-02,-1.376677583903074265e-02,1.060455560684204102e+00,-1.224230676889419556e-01,1.309425830841064453e-01,6.942778229713439941e-01,6.970257759094238281e-01,-2.215472236275672913e-02,5.474982317537069321e-03,1.582417450845241547e-02,-6.178386807441711426e-01,-1.093890983611345291e-02,7.141659855842590332e-01,1.566659361124038696e-01,1.436107754707336426e-01,1.221660614013671875e+00,2.443450450897216797e+00,-2.381806373596191406e-01,-6.250299811363220215e-01,4.027742519974708557e-02,7.141659855842590332e-01,1.589297205209732056e-01,-1.858340948820114136e-01,1.221660614013671875e+00,2.443450450897216797e+00
-2.245828695595264435e-02,-1.926469802856445312e-02,1.049690723419189453e+00,-1.347988694906234741e-01,1.429529339075088501e-01,6.947172880172729492e-01,6.919260025024414062e-01,-2.546623349189758301e-02,1.294268947094678879e-02,1.402703952044248581e-02,-6.694093942642211914e-01,-1.191756408661603928e-02,7.141659855842590332e-01,1.742924600839614868e-01,1.375546604394912720e-01,1.221660614013671875e+00,2.443450450897216797e+00,-2.494195848703384399e-01,-6.736844182014465332e-01,5.181396007537841797e-02,7.141659855842590332e-01,1.695768982172012329e-01,-1.842502206563949585e-01,1.221660614013671875e+00,2.443450450897216797e+00
-2.262040600180625916e-02,-2.538064680993556976e-02,1.036218523979187012e+00,-1.394553184509277344e-01,1.451747566461563110e-01,6.974409222602844238e-01,6.877882480621337891e-01,-3.030047565698623657e-02,2.027148753404617310e-02,9.661839343607425690e-03,-6.926673650741577148e-01,-7.236081175506114960e-03,7.141659855842590332e-01,1.900948286056518555e-01,1.303026378154754639e-01,1.221660614013671875e+00,2.443450450897216797e+00,-2.610807120800018311e-01,-6.937044858932495117e-01,5.981171876192092896e-02,7.141659855842590332e-01,1.782601475715637207e-01,-1.796823441982269287e-01,1.221660614013671875e+00,2.443450450897216797e+00
-2.204347401857376099e-02,-3.170894831418991089e-02,1.018922090530395508e+00,-1.346019655466079712e-01,1.376118212938308716e-01,7.042497396469116211e-01,6.833575367927551270e-01,-3.706269711256027222e-02,3.129898756742477417e-02,3.570341737940907478e-03,-6.861715316772460938e-01,-1.843586447648704052e-03,7.141659855842590332e-01,2.320492565631866455e-01,1.190414726734161377e-01,1.221660614013671875e+00,2.443450450897216797e+00,-2.778014838695526123e-01,-6.832540035247802734e-01,6.185357645153999329e-02,7.141659855842590332e-01,2.081647813320159912e-01,-1.675052195787429810e-01,1.221660614013671875e+00,2.443450450897216797e+00
-2.041816897690296173e-02,-3.526161983609199524e-02,9.976158738136291504e-01,-1.438456922769546509e-01,1.452395617961883545e-01,7.081193923950195312e-01,6.758556365966796875e-01,-4.159143567085266113e-02,4.191569983959197998e-02,-4.906731192022562027e-03,-7.279462814331054688e-01,4.500744398683309555e-03,7.141659855842590332e-01,2.709962725639343262e-01,1.117294877767562866e-01,1.221660614013671875e+00,2.443450450897216797e+00,-2.928318977355957031e-01,-7.196347117424011230e-01,7.129108160734176636e-02,7.141659855842590332e-01,2.373577803373336792e-01,-1.584984660148620605e-01,1.221660614013671875e+00,2.443450450897216797e+00
-1.751452125608921051e-02,-3.552517667412757874e-02,9.762985110282897949e-01,-1.472316384315490723e-01,1.462372392416000366e-01,7.116542458534240723e-01,6.711823940277099609e-01,-4.337076470255851746e-02,4.883862286806106567e-02,-1.363214664161205292e-02,-7.417649030685424805e-01,1.687720045447349548e-02,7.141659855842590332e-01,3.041100502014160156e-01,1.107905730605125427e-01,1.221660614013671875e+00,2.443450450897216797e+00,-3.042336106300354004e-01,-7.312643527984619141e-01,7.742356508970260620e-02,7.141659855842590332e-01,2.761845886707305908e-01,-1.534593105316162109e-01,1.221660614013671875e+00,2.443450450897216797e+00
-1.411184947937726974e-02,-3.245424851775169373e-02,9.564587473869323730e-01,-1.483071148395538330e-01,1.441612243652343750e-01,7.137215137481689453e-01,6.691966652870178223e-01,-4.298269748687744141e-02,5.291145667433738708e-02,-1.841092109680175781e-02,-7.417650222778320312e-01,3.182176873087882996e-02,7.141659855842590332e-01,3.402175903320312500e-01,1.151702776551246643e-01,1.221660614013671875e+00,2.443450450897216797e+00,-3.076488971710205078e-01,-7.311211228370666504e-01,7.947871834039688110e-02,7.141659855842590332e-01,3.236604630947113037e-01,-1.476487815380096436e-01,1.221660614013671875e+00,2.443450450897216797e+00
-1.173361670225858688e-02,-2.762242034077644348e-02,9.413297176361083984e-01,-1.508811265230178833e-01,1.415997743606567383e-01,7.140455842018127441e-01,6.688223481178283691e-01,-4.082946479320526123e-02,5.342981219291687012e-02,-1.813513599336147308e-02,-7.417650222778320312e-01,4.785265028476715088e-02,7.141659855842590332e-01,3.602932989597320557e-01,1.186308711767196655e-01,1.221660614013671875e+00,2.443450450897216797e+00,-3.012019097805023193e-01,-7.287087440490722656e-01,8.004693686962127686e-02,7.141659855842590332e-01,3.556757867336273193e-01,-1.451001018285751343e-01,1.221660614013671875e+00,2.443450450897216797e+00
-9.600299410521984100e-03,-2.275195904076099396e-02,9.347327351570129395e-01,-1.533979177474975586e-01,1.395215988159179688e-01,7.135713100433349609e-01,6.691926717758178711e-01,-3.332786262035369873e-02,5.239232629537582397e-02,-1.176499109715223312e-02,-7.417650222778320312e-01,5.828788876533508301e-02,7.141659855842590332e-01,3.706540465354919434e-01,1.169578284025192261e-01,1.221660614013671875e+00,2.443450450897216797e+00,-2.956999242305755615e-01,-7.238518595695495605e-01,8.231037855148315430e-02,7.141659855842590332e-01,3.685123622417449951e-01,-1.457655727863311768e-01,1.221660614013671875e+00,2.443450450897216797e+00
-6.767416372895240784e-03,-1.854240521788597107e-02,9.421669840812683105e-01,-1.561726033687591553e-01,1.380721479654312134e-01,7.137290239334106445e-01,6.686830520629882812e-01,-2.647112309932708740e-02,5.379812419414520264e-02,-3.127086674794554710e-03,-7.417650222778320312e-01,6.086808070540428162e-02,7.141659855842590332e-01,3.658934533596038818e-01,1.140769347548484802e-01,1.221660614013671875e+00,2.443450450897216797e+00,-3.015220463275909424e-01,-7.143874764442443848e-01,9.310299158096313477e-02,7.141659855842590332e-01,3.535681366920471191e-01,-1.474779248237609863e-01,1.221660614013671875e+00,2.443450450897216797e+00
-4.797165747731924057e-03,-1.132902503013610840e-02,9.690294265747070312e-01,-1.540263444185256958e-01,1.312187016010284424e-01,7.149806022644042969e-01,6.692236065864562988e-01,-2.439793571829795837e-02,6.169549003243446350e-02,1.580751873552799225e-02,-7.129815816879272461e-01,5.357952043414115906e-02,7.141659855842590332e-01,3.350528478622436523e-01,1.102870553731918335e-01,1.221660614013671875e+00,2.443450450897216797e+00,-3.163118958473205566e-01,-6.784608960151672363e-01,1.082621067762374878e-01,7.141659855842590332e-01,3.123666346073150635e-01,-1.493046879768371582e-01,1.221660614013671875e+00,2.443450450897216797e+00
-2.853340236470103264e-03,2.076712204143404961e-03,1.016754865646362305e+00,-1.385314911603927612e-01,1.165829449892044067e-01,7.166179418563842773e-01,6.735548973083496094e-01,-2.261136844754219055e-02,7.477708905935287476e-02,4.893073812127113342e-02,-6.292350888252258301e-01,3.051156736910343170e-02,7.141659259796142578e-01,2.773440480232238770e-01,1.112770512700080872e-01,1.221660256385803223e+00,2.443449735641479492e+00,-3.253386318683624268e-01,-5.983660817146301270e-01,1.106162220239639282e-01,7.141659855842590332e-01,2.524450123310089111e-01,-1.458002179861068726e-01,1.221660614013671875e+00,2.443450450897216797e+00
-2.756134141236543655e-03,2.176629006862640381e-02,1.080925941467285156e+00,-1.290050148963928223e-01,1.141015440225601196e-01,7.165892124176025391e-01,6.758982539176940918e-01,-2.098914608359336853e-02,8.189630508422851562e-02,9.559164196252822876e-02,-5.704222321510314941e-01,-8.946949616074562073e-03,7.141659855842590332e-01,2.531968057155609131e-01,1.492593586444854736e-01,1.221660614013671875e+00,2.443450450897216797e+00,-3.456450402736663818e-01,-5.438354611396789551e-01,1.142422407865524292e-01,7.141659855842590332e-01,2.286618053913116455e-01,-1.680094152688980103e-01,1.221660614013671875e+00,2.443450450897216797e+00
-2.764928387477993965e-03,4.469616711139678955e-02,1.160766959190368652e+00,-1.100354269146919250e-01,9.844603389501571655e-02,7.227224111557006836e-01,6.751835942268371582e-01,-2.882719598710536957e-02,8.463869243860244751e-02,1.392708122730255127e-01,-4.894596040248870850e-01,-2.581948414444923401e-02,7.141659855842590332e-01,3.500471711158752441e-01,2.506440281867980957e-01,1.221660614013671875e+00,2.443450450897216797e+00,-3.641788661479949951e-01,-4.539112746715545654e-01,1.052264124155044556e-01,7.141659855842590332e-01,2.980835735797882080e-01,-2.706870138645172119e-01,1.221660614013671875e+00,2.443450450897216797e+00
-3.549473593011498451e-03,4.322643950581550598e-02,1.245962619781494141e+00,-1.098245233297348022e-01,1.015129387378692627e-01,7.247439026832580566e-01,6.725919842720031738e-01,-3.967146947979927063e-02,7.419461011886596680e-02,1.420573592185974121e-01,-4.813257157802581787e-01,-2.182817645370960236e-02,7.141659855842590332e-01,3.815825581550598145e-01,2.929231524467468262e-01,1.221660614013671875e+00,2.443450450897216797e+00,-3.699882030487060547e-01,-4.366011023521423340e-01,7.967878878116607666e-02,7.141659855842590332e-01,3.452157974243164062e-01,-3.373779654502868652e-01,1.221660614013671875e+00,2.443450450897216797e+00
-4.719040356576442719e-03,1.898896694183349609e-02,1.330404877662658691e+00,-1.275488436222076416e-01,1.202599704265594482e-01,7.214647531509399414e-01,6.698936223983764648e-01,-5.039520934224128723e-02,5.217926204204559326e-02,1.152461096644401550e-01,-4.872530400753021240e-01,-4.252559691667556763e-02,7.141659855842590332e-01,4.543630182743072510e-01,2.973393797874450684e-01,1.221660614013671875e+00,2.443450450897216797e+00,-3.792864680290222168e-01,-4.394286870956420898e-01,7.491219788789749146e-02,7.141659855842590332e-01,4.289713203907012939e-01,-3.371812701225280762e-01,1.221660614013671875e+00,2.443450450897216797e+00
-7.123187649995088577e-03,-8.786190301179885864e-03,1.405947446823120117e+00,-1.536481380462646484e-01,1.465042531490325928e-01,7.149903774261474609e-01,6.661212444305419922e-01,-4.893584176898002625e-02,3.193965181708335876e-02,7.832781225442886353e-02,-5.421121120452880859e-01,-6.289172917604446411e-02,7.141659855842590332e-01,5.764839649200439453e-01,2.735561132431030273e-01,1.221660614013671875e+00,2.443450450897216797e+00,-3.879553377628326416e-01,-4.858339726924896240e-01,1.000694930553436279e-01,7.141652107238769531e-01,5.804509520530700684e-01,-2.840795814990997314e-01,1.221656560897827148e+00,2.443442344665527344e+00
-1.298912893980741501e-02,-2.958138100802898407e-02,1.464840769767761230e+00,-2.065412849187850952e-01,2.186924368143081665e-01,7.068037986755371094e-01,6.402676701545715332e-01,-3.864385932683944702e-02,4.067915305495262146e-02,4.240560159087181091e-02,-7.417650222778320312e-01,-1.079253181815147400e-01,7.129614949226379395e-01,6.632242798805236816e-01,2.096943706274032593e-01,1.217114448547363281e+00,2.434353590011596680e+00,-4.975233674049377441e-01,-6.965027451515197754e-01,2.040126770734786987e-01,6.991945505142211914e-01,6.632249951362609863e-01,-1.671884506940841675e-01,1.167857766151428223e+00,2.335828542709350586e+00
-1.409367192536592484e-02,-3.647327795624732971e-02,1.513637542724609375e+00,-2.112429440021514893e-01,2.252724766731262207e-01,7.214004993438720703e-01,6.198468208312988281e-01,-6.150393933057785034e-02,7.769453525543212891e-02,-4.287468269467353821e-03,-7.417650222778320312e-01,-9.591386467218399048e-02,7.067023515701293945e-01,6.632249951362609863e-01,1.426771134138107300e-01,1.193845868110656738e+00,2.387774705886840820e+00,-6.453513503074645996e-01,-7.168047428131103516e-01,3.195262253284454346e-01,6.807794570922851562e-01,6.632249951362609863e-01,-5.064505711197853088e-02,1.109379768371582031e+00,2.218821763992309570e+00
-1.234408281743526459e-02,-4.003544151782989502e-02,1.522860765457153320e+00,-2.140591293573379517e-01,2.228477299213409424e-01,7.344465851783752441e-01,6.042398810386657715e-01,-8.961752802133560181e-02,1.040129214525222778e-01,-2.728650160133838654e-02,-7.417650222778320312e-01,-7.493779063224792480e-02,6.881437301635742188e-01,6.632249951362609863e-01,1.223494336009025574e-01,1.131989359855651855e+00,2.264030456542968750e+00,-6.949042081832885742e-01,-7.290781736373901367e-01,3.998245894908905029e-01,6.755067110061645508e-01,6.632249951362609863e-01,-4.089263081550598145e-02,1.094342470169067383e+00,2.188738584518432617e+00
-8.788895793259143829e-03,-4.091792181134223938e-02,1.459787487983703613e+00,-1.886766105890274048e-01,2.024166584014892578e-01,7.446743845939636230e-01,6.073620915412902832e-01,-7.461487501859664917e-02,1.197903007268905640e-01,-1.748379878699779510e-02,-7.417650222778320312e-01,-8.422096818685531616e-02,5.336053371429443359e-01,6.632249951362609863e-01,1.559334248304367065e-01,7.782998085021972656e-01,1.556724309921264648e+00,-6.693598628044128418e-01,-7.322487235069274902e-01,3.683791458606719971e-01,5.794168710708618164e-01,6.632249951362609863e-01,-5.005391314625740051e-02,8.669395446777343750e-01,1.734004020690917969e+00
-8.066785521805286407e-03,-3.714226931333541870e-02,1.438840866088867188e+00,-1.818131655454635620e-01,1.841134577989578247e-01,7.537337541580200195e-01,6.040957570075988770e-01,-1.103053316473960876e-01,1.144364997744560242e-01,-1.737148500978946686e-02,-7.417650222778320312e-01,-7.912176102399826050e-02,5.803993940353393555e-01,6.632217764854431152e-01,1.814716309309005737e-01,8.684741854667663574e-01,1.737100243568420410e+00,-6.981066465377807617e-01,-7.294136285781860352e-01,3.467544913291931152e-01,6.410274505615234375e-01,6.632207632064819336e-01,-7.202066481113433838e-02,1.002488255500793457e+00,2.005128145217895508e+00
-6.819822825491428375e-03,-2.352611720561981201e-02,1.401965737342834473e+00,-1.725294291973114014e-01,1.645686924457550049e-01,7.604261040687561035e-01,6.040719747543334961e-01,-1.359382867813110352e-01,1.046521440148353577e-01,-2.353499270975589752e-02,-7.308405637741088867e-01,-7.119371742010116577e-02,6.315909028053283691e-01,6.580381393432617188e-01,2.142283320426940918e-01,9.777131080627441406e-01,1.955652475357055664e+00,-6.981319785118103027e-01,-6.963056921958923340e-01,2.992687821388244629e-01,6.844182610511779785e-01,6.347149014472961426e-01,-9.473448991775512695e-02,1.116109848022460938e+00,2.232399225234985352e+00
-5.932075437158346176e-03,-4.418028402142226696e-04,1.349057912826538086e+00,-1.577141880989074707e-01,1.505701094865798950e-01,7.652074098587036133e-01,6.057330369949340820e-01,-1.416817903518676758e-01,9.001789987087249756e-02,-3.880058228969573975e-02,-7.020141482353210449e-01,-6.327813118696212769e-02,6.824763417243957520e-01,5.715153217315673828e-01,2.507130205631256104e-01,1.108555674552917480e+00,2.217329502105712891e+00,-6.954729557037353516e-01,-6.471611261367797852e-01,2.397875636816024780e-01,7.132656574249267578e-01,5.749051570892333984e-01,-1.140609532594680786e-01,1.213069796562194824e+00,2.426304101943969727e+00
-5.728976335376501083e-03,2.919080480933189392e-02,1.273527979850769043e+00,-1.382251679897308350e-01,1.385787427425384521e-01,7.682271003723144531e-01,6.095218658447265625e-01,-1.357680112123489380e-01,7.037700712680816650e-02,-6.489807367324829102e-02,-6.555607318878173828e-01,-4.358150810003280640e-02,7.132547497749328613e-01,4.759968519210815430e-01,2.762862443923950195e-01,1.212743997573852539e+00,2.425657033920288086e+00,-6.906012892723083496e-01,-5.978921055793762207e-01,1.830853819847106934e-01,7.141638398170471191e-01,5.177931785583496094e-01,-1.241531074047088623e-01,1.221646547317504883e+00,2.443421363830566406e+00
-6.272760219871997833e-03,5.516189709305763245e-02,1.185842990875244141e+00,-1.233311071991920471e-01,1.296941041946411133e-01,7.698916196823120117e-01,6.125649213790893555e-01,-1.255789399147033691e-01,5.317373573780059814e-02,-1.001424789428710938e-01,-5.961520671844482422e-01,-1.630754023790359497e-02,7.141638398170471191e-01,4.237825274467468262e-01,2.772240340709686279e-01,1.221645951271057129e+00,2.443418979644775391e+00,-6.717643141746520996e-01,-5.541167259216308594e-01,1.423993110656738281e-01,7.141659855842590332e-01,4.791336059570312500e-01,-1.270888149738311768e-01,1.221660614013671875e+00,2.443450450897216797e+00
-7.345485500991344452e-03,6.357727199792861938e-02,1.103313684463500977e+00,-8.390330523252487183e-02,8.278921991586685181e-02,7.778909206390380859e-01,6.172453761100769043e-01,-1.225960627198219299e-01,3.602832183241844177e-02,-1.573969572782516479e-01,-4.132274985313415527e-01,2.377395145595073700e-02,7.141659855842590332e-01,2.506883144378662109e-01,2.344979941844940186e-01,1.221660614013671875e+00,2.443450450897216797e+00,-5.794962644577026367e-01,-4.004138708114624023e-01,4.432900622487068176e-02,7.141659855842590332e-01,2.746390104293823242e-01,-1.476787030696868896e-01,1.221660614013671875e+00,2.443450450897216797e+00
-1.012022979557514191e-02,5.906228721141815186e-02,1.040027141571044922e+00,-1.083383709192276001e-01,9.875608980655670166e-02,7.778302431106567383e-01,6.111384034156799316e-01,-1.249289363622665405e-01,3.912482410669326782e-02,-1.952278316020965576e-01,-4.905990660190582275e-01,6.506033241748809814e-02,7.141659855842590332e-01,1.811034232378005981e-01,1.774911731481552124e-01,1.221660614013671875e+00,2.443450450897216797e+00,-5.294489860534667969e-01,-4.721951186656951904e-01,4.599133878946304321e-02,7.141659855842590332e-01,1.809116452932357788e-01,-1.842817664146423340e-01,1.221660614013671875e+00,2.443450450897216797e+00
-9.893279522657394409e-03,4.363489151000976562e-02,1.009127616882324219e+00,-1.272142082452774048e-01,1.180167570710182190e-01,7.767960429191589355e-01,6.053730249404907227e-01,-1.175736561417579651e-01,2.358203381299972534e-02,-2.435783147811889648e-01,-5.692413449287414551e-01,9.741199761629104614e-02,7.141659855842590332e-01,2.460068464279174805e-01,1.714221835136413574e-01,1.221660614013671875e+00,2.443450450897216797e+00,-4.987134933471679688e-01,-5.517746806144714355e-01,4.319857060909271240e-02,7.141659855842590332e-01,2.094744443893432617e-01,-2.075700610876083374e-01,1.221660614013671875e+00,2.443450450897216797e+00
-1.088888570666313171e-02,4.081824794411659241e-02,9.935307502746582031e-01,-1.381579935550689697e-01,1.295229047536849976e-01,7.726679444313049316e-01,6.059046387672424316e-01,-1.199653148651123047e-01,1.440402399748563766e-02,-2.434884756803512573e-01,-6.178669333457946777e-01,1.077391058206558228e-01,7.141659855842590332e-01,2.887864112854003906e-01,1.771376281976699829e-01,1.221660614013671875e+00,2.443450450897216797e+00,-4.732439815998077393e-01,-5.958471894264221191e-01,3.780286386609077454e-02,7.141659855842590332e-01,2.637733817100524902e-01,-2.241005450487136841e-01,1.221660614013671875e+00,2.443450450897216797e+00
-1.115140970796346664e-02,3.867237269878387451e-02,9.919846653938293457e-01,-1.418624818325042725e-01,1.309861540794372559e-01,7.672600746154785156e-01,6.115796566009521484e-01,-1.216931790113449097e-01,1.749791204929351807e-02,-2.334762811660766602e-01,-6.273392438888549805e-01,1.126624047756195068e-01,7.141657471656799316e-01,3.051623702049255371e-01,1.883012056350708008e-01,1.221659541130065918e+00,2.443448305130004883e+00,-4.457366466522216797e-01,-6.070886850357055664e-01,3.205657005310058594e-02,7.141659855842590332e-01,2.868107557296752930e-01,-2.312676459550857544e-01,1.221660614013671875e+00,2.443450450897216797e+00
-9.716982953250408173e-03,3.646184504032135010e-02,1.002695798873901367e+00,-1.420713216066360474e-01,1.285252571105957031e-01,7.630639672279357910e-01,6.172765493392944336e-01,-1.237480491399765015e-01,3.698774054646492004e-02,-2.263736724853515625e-01,-6.208018660545349121e-01,1.183634102344512939e-01,7.141655683517456055e-01,2.905236482620239258e-01,1.909926980733871460e-01,1.221658587455749512e+00,2.443446159362792969e+00,-4.249017834663391113e-01,-6.023119688034057617e-01,3.147571533918380737e-02,7.141659855842590332e-01,2.781712114810943604e-01,-2.281363755464553833e-01,1.221660614013671875e+00,2.443450450897216797e+00
-8.866528980433940887e-03,3.451184183359146118e-02,1.018825531005859375e+00,-1.407097280025482178e-01,1.252116262912750244e-01,7.603968977928161621e-01,6.215459108352661133e-01,-1.261012852191925049e-01,6.029679253697395325e-02,-2.218249440193176270e-01,-6.075264215469360352e-01,1.204971969127655029e-01,7.141656279563903809e-01,2.718830108642578125e-01,1.965006142854690552e-01,1.221658706665039062e+00,2.443446636199951172e+00,-4.131345450878143311e-01,-5.923621058464050293e-01,3.387011215090751648e-02,7.141659855842590332e-01,2.541802823543548584e-01,-2.226299941539764404e-01,1.221660614013671875e+00,2.443450450897216797e+00
-7.888915948569774628e-03,3.328174725174903870e-02,1.034301996231079102e+00,-1.386119425296783447e-01,1.217739805579185486e-01,7.579597830772399902e-01,6.256634593009948730e-01,-1.258371621370315552e-01,7.792624831199645996e-02,-2.087347358465194702e-01,-5.942485332489013672e-01,1.162505298852920532e-01,7.141658067703247070e-01,2.524594962596893311e-01,2.028500884771347046e-01,1.221659779548645020e+00,2.443448543548583984e+00,-4.076829254627227783e-01,-5.801290273666381836e-01,3.965457901358604431e-02,7.141659855842590332e-01,2.358404248952865601e-01,-2.229577898979187012e-01,1.221660614013671875e+00,2.443450450897216797e+00
-5.888568237423896790e-03,3.202935308218002319e-02,1.046647310256958008e+00,-1.355907320976257324e-01,1.184533610939979553e-01,7.555295825004577637e-01,6.298881173133850098e-01,-1.223766133189201355e-01,8.690768480300903320e-02,-1.879953742027282715e-01,-5.821207761764526367e-01,1.070793941617012024e-01,7.141659855842590332e-01,2.364466786384582520e-01,2.072956264019012451e-01,1.221660614013671875e+00,2.443450450897216797e+00,-4.088412523269653320e-01,-5.685340166091918945e-01,4.808011278510093689e-02,7.141659855842590332e-01,2.210749238729476929e-01,-2.249823659658432007e-01,1.221660614013671875e+00,2.443450450897216797e+00
-3.112522419542074203e-03,3.077743761241436005e-02,1.055940270423889160e+00,-1.322792172431945801e-01,1.155847460031509399e-01,7.527993321418762207e-01,6.343780755996704102e-01,-1.161961033940315247e-01,8.909319341182708740e-02,-1.632433533668518066e-01,-5.716497898101806641e-01,9.605979919433593750e-02,7.141659855842590332e-01,2.246499210596084595e-01,2.084794491529464722e-01,1.221660614013671875e+00,2.443450450897216797e+00,-4.128340482711791992e-01,-5.587396025657653809e-01,5.745054408907890320e-02,7.141659855842590332e-01,2.091910690069198608e-01,-2.251011133193969727e-01,1.221660614013671875e+00,2.443450450897216797e+00
1.001637065201066434e-04,2.963590994477272034e-02,1.062439084053039551e+00,-1.273255199193954468e-01,1.106515303254127502e-01,7.502403259277343750e-01,6.392838954925537109e-01,-1.088721528649330139e-01,8.713843673467636108e-02,-1.392392516136169434e-01,-5.552649497985839844e-01,8.765599876642227173e-02,7.141659855842590332e-01,2.103796899318695068e-01,2.073867917060852051e-01,1.221660614013671875e+00,2.443450450897216797e+00,-4.142059087753295898e-01,-5.436163544654846191e-01,6.394683569669723511e-02,7.141659855842590332e-01,1.961649209260940552e-01,-2.229671627283096313e-01,1.221660614013671875e+00,2.443450450897216797e+00
3.206471679732203484e-03,2.883236482739448547e-02,1.066636323928833008e+00,-1.218247935175895691e-01,1.048456728458404541e-01,7.477019429206848145e-01,6.442887187004089355e-01,-1.016313955187797546e-01,8.332294970750808716e-02,-1.177701950073242188e-01,-5.366525053977966309e-01,8.228166401386260986e-02,7.141659855842590332e-01,1.950272768735885620e-01,2.054341137409210205e-01,1.221660614013671875e+00,2.443450450897216797e+00,-4.114318788051605225e-01,-5.263463258743286133e-01,6.659347563982009888e-02,7.141659855842590332e-01,1.837187260389328003e-01,-2.178516536951065063e-01,1.221660614013671875e+00,2.443450450897216797e+00
5.754425656050443649e-03,2.808339148759841919e-02,1.069743990898132324e+00,-1.159441322088241577e-01,9.873013198375701904e-02,7.450463175773620605e-01,6.493961215019226074e-01,-9.391188621520996094e-02,7.867753505706787109e-02,-9.907445311546325684e-02,-5.165612101554870605e-01,7.862345129251480103e-02,7.141659855842590332e-01,1.818507015705108643e-01,2.038488090038299561e-01,1.221660614013671875e+00,2.443450450897216797e+00,-4.055478274822235107e-01,-5.082768201828002930e-01,6.597858667373657227e-02,7.141659855842590332e-01,1.736210733652114868e-01,-2.105568349361419678e-01,1.221660614013671875e+00,2.443450450897216797e+00
7.952393032610416412e-03,2.736317180097103119e-02,1.072406530380249023e+00,-1.097240597009658813e-01,9.262199699878692627e-02,7.423796057701110840e-01,6.544114351272583008e-01,-8.586923032999038696e-02,7.300551980733871460e-02,-8.362821489572525024e-02,-4.953568279743194580e-01,7.606877386569976807e-02,7.141659855842590332e-01,1.719513088464736938e-01,2.029706984758377075e-01,1.221660614013671875e+00,2.443450450897216797e+00,-3.964894711971282959e-01,-4.897335767745971680e-01,6.228383630514144897e-02,7.141659855842590332e-01,1.656988114118576050e-01,-2.033330649137496948e-01,1.221660614013671875e+00,2.443450450897216797e+00
1.004278659820556641e-02,2.701612189412117004e-02,1.075026392936706543e+00,-1.028790548443794250e-01,8.622474223375320435e-02,7.396182417869567871e-01,6.595044136047363281e-01,-7.794433087110519409e-02,6.674848496913909912e-02,-7.021844387054443359e-02,-4.718754887580871582e-01,7.394686341285705566e-02,7.141659855842590332e-01,1.641987264156341553e-01,2.040503919124603271e-01,1.221660614013671875e+00,2.443450450897216797e+00,-3.840527236461639404e-01,-4.693243205547332764e-01,5.577279627323150635e-02,7.141659855842590332e-01,1.588651686906814575e-01,-1.977819204330444336e-01,1.221660614013671875e+00,2.443450450897216797e+00
1.213442254811525345e-02,2.739962376654148102e-02,1.077594876289367676e+00,-9.512455016374588013e-02,7.933557778596878052e-02,7.366890907287597656e-01,6.647904515266418457e-01,-6.951471418142318726e-02,6.009893491864204407e-02,-5.758300423622131348e-02,-4.451070725917816162e-01,7.170948386192321777e-02,7.141659259796142578e-01,1.563865989446640015e-01,2.071902602910995483e-01,1.221660137176513672e+00,2.443449497222900391e+00,-3.694577813148498535e-01,-4.460822045803070068e-01,4.714172706007957458e-02,7.141659855842590332e-01,1.518775820732116699e-01,-1.939629465341567993e-01,1.221660614013671875e+00,2.443450450897216797e+00
1.402031909674406052e-02,2.835296466946601868e-02,1.079627871513366699e+00,-8.703935891389846802e-02,7.240942120552062988e-02,7.337077856063842773e-01,6.699656248092651367e-01,-6.051662936806678772e-02,5.319447815418243408e-02,-4.497371986508369446e-02,-4.173594117164611816e-01,6.926120817661285400e-02,7.141658663749694824e-01,1.467143893241882324e-01,2.101621329784393311e-01,1.221659898757934570e+00,2.443449020385742188e+00,-3.548020124435424805e-01,-4.219937622547149658e-01,3.760244697332382202e-02,7.141659855842590332e-01,1.440050899982452393e-01,-1.910714954137802124e-01,1.221660614013671875e+00,2.443450450897216797e+00
1.570086553692817688e-02,2.968741953372955322e-02,1.081078529357910156e+00,-7.913735508918762207e-02,6.577567756175994873e-02,7.306400537490844727e-01,6.749636530876159668e-01,-5.143236741423606873e-02,4.669464379549026489e-02,-3.158212453126907349e-02,-3.904650509357452393e-01,6.664687395095825195e-02,7.141658663749694824e-01,1.349256932735443115e-01,2.115330845117568970e-01,1.221659779548645020e+00,2.443448543548583984e+00,-3.411304652690887451e-01,-3.985409736633300781e-01,2.823254279792308807e-02,7.141659855842590332e-01,1.351312547922134399e-01,-1.883369684219360352e-01,1.221660614013671875e+00,2.443450450897216797e+00
1.707237772643566132e-02,3.125215694308280945e-02,1.082093000411987305e+00,-7.153624296188354492e-02,5.956577509641647339e-02,7.275944948196411133e-01,6.796622276306152344e-01,-4.253707081079483032e-02,4.016666486859321594e-02,-1.773910783231258392e-02,-3.647955656051635742e-01,6.376709043979644775e-02,7.141658067703247070e-01,1.234611645340919495e-01,2.117350697517395020e-01,1.221659541130065918e+00,2.443448305130004883e+00,-3.288455903530120850e-01,-3.762550950050354004e-01,1.921162568032741547e-02,7.141659855842590332e-01,1.258133053779602051e-01,-1.854596883058547974e-01,1.221660614013671875e+00,2.443450450897216797e+00
1.805788278579711914e-02,3.272658213973045349e-02,1.082850217819213867e+00,-6.430926173925399780e-02,5.386657640337944031e-02,7.246603965759277344e-01,6.839810013771057129e-01,-3.426809236407279968e-02,3.313715010881423950e-02,-4.565437790006399155e-03,-3.407173752784729004e-01,6.067868322134017944e-02,7.141658067703247070e-01,1.138236820697784424e-01,2.118728160858154297e-01,1.221659421920776367e+00,2.443447828292846680e+00,-3.177301287651062012e-01,-3.556300103664398193e-01,1.054681092500686646e-02,7.141659855842590332e-01,1.172816306352615356e-01,-1.833064258098602295e-01,1.221660614013671875e+00,2.443450450897216797e+00
1.891824789345264435e-02,3.402617573738098145e-02,1.083588480949401855e+00,-5.769631266593933105e-02,4.878405854105949402e-02,7.219371795654296875e-01,6.878211498260498047e-01,-2.718133851885795593e-02,2.589553967118263245e-02,6.622338201850652695e-03,-3.186690211296081543e-01,5.802122130990028381e-02,7.141657471656799316e-01,1.065501347184181213e-01,2.131537795066833496e-01,1.221659183502197266e+00,2.443447589874267578e+00,-3.061836659908294678e-01,-3.368251025676727295e-01,2.156686736270785332e-03,7.141659855842590332e-01,1.100053489208221436e-01,-1.823118925094604492e-01,1.221660614013671875e+00,2.443450450897216797e+00
1.977076008915901184e-02,3.536584600806236267e-02,1.084363341331481934e+00,-5.185276269912719727e-02,4.430148378014564514e-02,7.193464636802673340e-01,6.912953853607177734e-01,-2.149459719657897949e-02,1.868056505918502808e-02,1.608965732157230377e-02,-2.986824512481689453e-01,5.616502836346626282e-02,7.141657471656799316e-01,1.008739545941352844e-01,2.149290591478347778e-01,1.221659302711486816e+00,2.443447589874267578e+00,-2.946937084197998047e-01,-3.197202086448669434e-01,-5.469094030559062958e-03,7.141659855842590332e-01,1.038217395544052124e-01,-1.829818040132522583e-01,1.221660614013671875e+00,2.443450450897216797e+00
2.057135850191116333e-02,3.674149513244628906e-02,1.084946274757385254e+00,-4.689915850758552551e-02,4.037991911172866821e-02,7.168645262718200684e-01,6.944603323936462402e-01,-1.687385514378547668e-02,1.159233506768941879e-02,2.495058439671993256e-02,-2.813150286674499512e-01,5.505067855119705200e-02,7.141657471656799316e-01,9.549676626920700073e-02,2.159710526466369629e-01,1.221659302711486816e+00,2.443447828292846680e+00,-2.843492031097412109e-01,-3.047519326210021973e-01,-1.173240039497613907e-02,7.141659855842590332e-01,9.794256836175918579e-02,-1.843572556972503662e-01,1.221660614013671875e+00,2.443450450897216797e+00
2.124159224331378937e-02,3.805629909038543701e-02,1.085280179977416992e+00,-4.279015585780143738e-02,3.703203052282333374e-02,7.143287062644958496e-01,6.975185871124267578e-01,-1.305140368640422821e-02,5.112046375870704651e-03,3.318894654512405396e-02,-2.666048407554626465e-01,5.448659136891365051e-02,7.141657471656799316e-01,8.985013514757156372e-02,2.161246687173843384e-01,1.221659302711486816e+00,2.443447589874267578e+00,-2.748520076274871826e-01,-2.921907305717468262e-01,-1.675766147673130035e-02,7.141659855842590332e-01,9.288562089204788208e-02,-1.852634698152542114e-01,1.221660614013671875e+00,2.443450450897216797e+00
2.168751321732997894e-02,3.906554356217384338e-02,1.085382699966430664e+00,-3.943346440792083740e-02,3.437542170286178589e-02,7.116382718086242676e-01,7.005956768989562988e-01,-9.922949597239494324e-03,-6.541172042489051819e-04,4.061125218868255615e-02,-2.545741796493530273e-01,5.418971925973892212e-02,7.141656875610351562e-01,8.474955707788467407e-02,2.159232795238494873e-01,1.221658945083618164e+00,2.443447113037109375e+00,-2.657101452350616455e-01,-2.825210392475128174e-01,-2.100085094571113586e-02,7.141659855842590332e-01,8.942978084087371826e-02,-1.850601285696029663e-01,1.221660614013671875e+00,2.443450450897216797e+00
2.179773896932601929e-02,3.966457024216651917e-02,1.085234522819519043e+00,-3.695213049650192261e-02,3.264357894659042358e-02,7.088808417320251465e-01,7.036027908325195312e-01,-7.637537084519863129e-03,-6.218013353645801544e-03,4.705068841576576233e-02,-2.459142506122589111e-01,5.371998623013496399e-02,7.141656279563903809e-01,8.140387386083602905e-02,2.149080336093902588e-01,1.221658587455749512e+00,2.443446159362792969e+00,-2.567541599273681641e-01,-2.765790522098541260e-01,-2.469308860599994659e-02,7.141659855842590332e-01,8.773991465568542480e-02,-1.837066709995269775e-01,1.221660614013671875e+00,2.443450450897216797e+00
2.165619097650051117e-02,4.002368077635765076e-02,1.084937095642089844e+00,-3.530151024460792542e-02,3.186890855431556702e-02,7.061060667037963867e-01,7.065071463584899902e-01,-6.128367967903614044e-03,-1.114050857722759247e-02,5.283641442656517029e-02,-2.404593825340270996e-01,5.278375372290611267e-02,7.141655087471008301e-01,7.985782623291015625e-02,2.134734094142913818e-01,1.221658110618591309e+00,2.443445205688476562e+00,-2.481523752212524414e-01,-2.741535007953643799e-01,-2.790011279284954071e-02,7.141659855842590332e-01,8.753703534603118896e-02,-1.816994547843933105e-01,1.221660614013671875e+00,2.443450450897216797e+00
2.136854082345962524e-02,4.027190804481506348e-02,1.084687829017639160e+00,-3.426723182201385498e-02,3.176749497652053833e-02,7.035455107688903809e-01,7.091123461723327637e-01,-5.029364023357629776e-03,-1.564996503293514252e-02,5.840842053294181824e-02,-2.373323291540145874e-01,5.129088461399078369e-02,7.141654491424560547e-01,7.993714511394500732e-02,2.119353860616683960e-01,1.221657514572143555e+00,2.443444013595581055e+00,-2.403504699468612671e-01,-2.738671302795410156e-01,-3.060461767017841339e-02,7.141659855842590332e-01,8.849109709262847900e-02,-1.798394173383712769e-01,1.221660614013671875e+00,2.443450450897216797e+00
2.109411545097827911e-02,4.044603183865547180e-02,1.084535598754882812e+00,-3.372611850500106812e-02,3.208715096116065979e-02,7.013501524925231934e-01,7.112952470779418945e-01,-3.985255025327205658e-03,-1.978829875588417053e-02,6.409754604101181030e-02,-2.360233664512634277e-01,4.947837442159652710e-02,7.141653299331665039e-01,8.083033561706542969e-02,2.105866223573684692e-01,1.221657037734985352e+00,2.443443059921264648e+00,-2.338341474533081055e-01,-2.747748792171478271e-01,-3.270396217703819275e-02,7.141659855842590332e-01,8.977228403091430664e-02,-1.785679459571838379e-01,1.221660614013671875e+00,2.443450450897216797e+00
2.088619582355022430e-02,4.068037122488021851e-02,1.084527373313903809e+00,-3.359493613243103027e-02,3.270426020026206970e-02,6.996343731880187988e-01,7.129610776901245117e-01,-3.157760715112090111e-03,-2.359313145279884338e-02,6.953819841146469116e-02,-2.360481023788452148e-01,4.754117131233215332e-02,7.141653299331665039e-01,8.160059154033660889e-02,2.094296216964721680e-01,1.221656918525695801e+00,2.443442821502685547e+00,-2.281926274299621582e-01,-2.763069868087768555e-01,-3.432271257042884827e-02,7.141659855842590332e-01,9.077309817075729370e-02,-1.782321929931640625e-01,1.221660614013671875e+00,2.443450450897216797e+00
2.075044065713882446e-02,4.092971608042716980e-02,1.084605455398559570e+00,-3.370731696486473083e-02,3.359632566571235657e-02,6.980992555618286133e-01,7.144176363945007324e-01,-2.550833392888307571e-03,-2.675924450159072876e-02,7.470197975635528564e-02,-2.370093613862991333e-01,4.544561728835105896e-02,7.141653895378112793e-01,8.147670328617095947e-02,2.083417773246765137e-01,1.221657156944274902e+00,2.443443298339843750e+00,-2.233030945062637329e-01,-2.776518464088439941e-01,-3.523124009370803833e-02,7.141659855842590332e-01,9.068292379379272461e-02,-1.783253997564315796e-01,1.221660614013671875e+00,2.443450450897216797e+00
2.067072130739688873e-02,4.115821048617362976e-02,1.084703683853149414e+00,-3.397509083151817322e-02,3.453469276428222656e-02,6.967763304710388184e-01,7.156506180763244629e-01,-2.159032272174954414e-03,-2.936623990535736084e-02,7.911523431539535522e-02,-2.383605092763900757e-01,4.358243197202682495e-02,7.141653895378112793e-01,8.062325417995452881e-02,2.077054530382156372e-01,1.221657276153564453e+00,2.443443298339843750e+00,-2.190797775983810425e-01,-2.800452709197998047e-01,-3.654609993100166321e-02,7.141659855842590332e-01,9.074594080448150635e-02,-1.790455877780914307e-01,1.221660614013671875e+00,2.443450450897216797e+00
2.048241719603538513e-02,4.137705266475677490e-02,1.084850668907165527e+00,-3.434685245156288147e-02,3.567228838801383972e-02,6.955745220184326172e-01,7.167453169822692871e-01,-1.815402763895690441e-03,-3.151958435773849487e-02,8.258744329214096069e-02,-2.401452809572219849e-01,4.154201224446296692e-02,7.141653895378112793e-01,7.912981510162353516e-02,2.071569710969924927e-01,1.221657395362854004e+00,2.443443775177001953e+00,-2.155772745609283447e-01,-2.827717363834381104e-01,-3.786236047744750977e-02,7.141659855842590332e-01,9.055966138839721680e-02,-1.795716583728790283e-01,1.221660614013671875e+00,2.443450450897216797e+00
2.030842751264572144e-02,4.171016812324523926e-02,1.085015654563903809e+00,-3.484151139855384827e-02,3.699837625026702881e-02,6.945584416389465332e-01,7.176390290260314941e-01,-1.464043161831796169e-03,-3.343979641795158386e-02,8.510159701108932495e-02,-2.422962188720703125e-01,3.950763121247291565e-02,7.141654491424560547e-01,7.742830365896224976e-02,2.066486626863479614e-01,1.221657514572143555e+00,2.443444013595581055e+00,-2.128073573112487793e-01,-2.859018146991729736e-01,-3.903590887784957886e-02,7.141659855842590332e-01,9.035502374172210693e-02,-1.798817515373229980e-01,1.221660614013671875e+00,2.443450450897216797e+00
2.022591419517993927e-02,4.222903400659561157e-02,1.085147261619567871e+00,-3.548827022314071655e-02,3.848562389612197876e-02,6.938039064407348633e-01,7.182586789131164551e-01,-1.163817127235233784e-03,-3.501605615019798279e-02,8.695703744888305664e-02,-2.448658943176269531e-01,3.756106644868850708e-02,7.141655087471008301e-01,7.585871219635009766e-02,2.064485102891921997e-01,1.221657752990722656e+00,2.443444490432739258e+00,-2.107664793729782104e-01,-2.894773185253143311e-01,-3.990913182497024536e-02,7.141659855842590332e-01,9.006839990615844727e-02,-1.797180771827697754e-01,1.221660614013671875e+00,2.443450450897216797e+00
2.027426101267337799e-02,4.292264953255653381e-02,1.085211515426635742e+00,-3.633509203791618347e-02,4.009156301617622375e-02,6.932572722434997559e-01,7.186562418937683105e-01,-9.584375075064599514e-04,-3.634596243500709534e-02,8.811036497354507446e-02,-2.479068189859390259e-01,3.593745827674865723e-02,7.141655683517456055e-01,7.456298917531967163e-02,2.063299417495727539e-01,1.221658110618591309e+00,2.443445205688476562e+00,-2.092666774988174438e-01,-2.934260368347167969e-01,-4.041303321719169617e-02,7.141659855842590332e-01,9.011083841323852539e-02,-1.796174198389053345e-01,1.221660614013671875e+00,2.443450450897216797e+00
2.048214711248874664e-02,4.371363669633865356e-02,1.085209369659423828e+00,-3.729397431015968323e-02,4.184805974364280701e-02,6.929094791412353516e-01,7.188423871994018555e-01,-6.854700623080134392e-04,-3.762090578675270081e-02,8.867149800062179565e-02,-2.507612407207489014e-01,3.577100485563278198e-02,7.141656279563903809e-01,7.364020496606826782e-02,2.073491960763931274e-01,1.221658349037170410e+00,2.443445920944213867e+00,-2.079451680183410645e-01,-2.976626753807067871e-01,-4.092460498213768005e-02,7.141659855842590332e-01,9.076727181673049927e-02,-1.798917353153228760e-01,1.221660614013671875e+00,2.443450450897216797e+00
2.096537873148918152e-02,4.468326270580291748e-02,1.085233688354492188e+00,-3.844479843974113464e-02,4.338038340210914612e-02,6.926841139793395996e-01,7.189080715179443359e-01,-8.554422529414296150e-04,-3.890240564942359924e-02,8.912610262632369995e-02,-2.544146776199340820e-01,3.504277765750885010e-02,7.141656875610351562e-01,7.348389178514480591e-02,2.081241905689239502e-01,1.221658825874328613e+00,2.443446636199951172e+00,-2.068106681108474731e-01,-3.013974130153656006e-01,-4.071037098765373230e-02,7.141659855842590332e-01,9.166429936885833740e-02,-1.801501363515853882e-01,1.221660614013671875e+00,2.443450450897216797e+00
2.159873954951763153e-02,4.561768844723701477e-02,1.085304021835327148e+00,-3.969321399927139282e-02,4.487200453877449036e-02,6.925179958343505859e-01,7.189087271690368652e-01,-1.054700347594916821e-03,-3.994338586926460266e-02,8.959681540727615356e-02,-2.580674290657043457e-01,3.467955067753791809e-02,7.141657471656799316e-01,7.391324639320373535e-02,2.086660712957382202e-01,1.221659183502197266e+00,2.443447589874267578e+00,-2.059046775102615356e-01,-3.049160242080688477e-01,-4.016249626874923706e-02,7.141659855842590332e-01,9.251756221055984497e-02,-1.805451363325119019e-01,1.221660614013671875e+00,2.443450450897216797e+00
2.230505272746086121e-02,4.656020924448966980e-02,1.085394978523254395e+00,-4.092348366975784302e-02,4.629616439342498779e-02,6.923432350158691406e-01,7.189177870750427246e-01,-1.335103414021432400e-03,-4.085269197821617126e-02,8.998462557792663574e-02,-2.616183161735534668e-01,3.454804420471191406e-02,7.141658067703247070e-01,7.439211010932922363e-02,2.091601938009262085e-01,1.221659660339355469e+00,2.443448305130004883e+00,-2.052947133779525757e-01,-3.082128465175628662e-01,-3.936142846941947937e-02,7.141659855842590332e-01,9.299140423536300659e-02,-1.810429990291595459e-01,1.221660614013671875e+00,2.443450450897216797e+00
2.306161262094974518e-02,4.749728366732597351e-02,1.085434436798095703e+00,-4.208816960453987122e-02,4.761981964111328125e-02,6.922446489334106445e-01,7.188590168952941895e-01,-1.918889232911169529e-03,-4.139983281493186951e-02,9.059188514947891235e-02,-2.649449706077575684e-01,3.453269600868225098e-02,7.141659259796142578e-01,7.440936565399169922e-02,2.098625302314758301e-01,1.221660017967224121e+00,2.443449258804321289e+00,-2.049326747655868530e-01,-3.112785220146179199e-01,-3.844681382179260254e-02,7.141659855842590332e-01,9.302482008934020996e-02,-1.813548654317855835e-01,1.221660614013671875e+00,2.443450450897216797e+00
2.384056337177753448e-02,4.848339781165122986e-02,1.085437178611755371e+00,-4.317262396216392517e-02,4.883386567234992981e-02,6.921951174736022949e-01,7.187609076499938965e-01,-2.797565888613462448e-03,-4.146572574973106384e-02,9.144797921180725098e-02,-2.680210769176483154e-01,3.458279371261596680e-02,7.141659855842590332e-01,7.403137534856796265e-02,2.109328657388687134e-01,1.221660375595092773e+00,2.443449974060058594e+00,-2.048355638980865479e-01,-3.140861392021179199e-01,-3.748270124197006226e-02,7.141659855842590332e-01,9.310585260391235352e-02,-1.814410984516143799e-01,1.221660614013671875e+00,2.443450450897216797e+00
2.455638721585273743e-02,4.940128698945045471e-02,1.085414767265319824e+00,-4.421646147966384888e-02,4.999928176403045654e-02,6.921515464782714844e-01,7.186593413352966309e-01,-3.707744413986802101e-03,-4.111334308981895447e-02,9.214958548545837402e-02,-2.709904909133911133e-01,3.480218350887298584e-02,7.141659855842590332e-01,7.337822020053863525e-02,2.120224386453628540e-01,1.221660614013671875e+00,2.443450450897216797e+00,-2.048836499452590942e-01,-3.167693316936492920e-01,-3.641352802515029907e-02,7.141659855842590332e-01,9.366011619567871094e-02,-1.812060028314590454e-01,1.221660614013671875e+00,2.443450450897216797e+00
2.516731433570384979e-02,5.011001229286193848e-02,1.085405468940734863e+00,-4.516642913222312927e-02,5.104658007621765137e-02,6.921759843826293945e-01,7.185030579566955566e-01,-4.456138703972101212e-03,-4.064232110977172852e-02,9.273452311754226685e-02,-2.736486494541168213e-01,3.516672924160957336e-02,7.141659855842590332e-01,7.291177660226821899e-02,2.128761410713195801e-01,1.221660614013671875e+00,2.443450450897216797e+00,-2.053642719984054565e-01,-3.191237449645996094e-01,-3.513512760400772095e-02,7.141659855842590332e-01,9.481278061866760254e-02,-1.805545389652252197e-01,1.221660614013671875e+00,2.443450450897216797e+00
2.559427358210086823e-02,5.055646970868110657e-02,1.085402846336364746e+00,-4.598103091120719910e-02,5.192689597606658936e-02,6.922876238822937012e-01,7.182807326316833496e-01,-4.853288177400827408e-03,-4.017411917448043823e-02,9.317529946565628052e-02,-2.757948338985443115e-01,3.570237010717391968e-02,7.141659855842590332e-01,7.293280959129333496e-02,2.134432792663574219e-01,1.221660614013671875e+00,2.443450450897216797e+00,-2.062590867280960083e-01,-3.210258185863494873e-01,-3.375550732016563416e-02,7.141659855842590332e-01,9.621258825063705444e-02,-1.795987337827682495e-01,1.221660614013671875e+00,2.443450450897216797e+00
2.600953541696071625e-02,5.084189027547836304e-02,1.085437655448913574e+00,-4.673174023628234863e-02,5.244893208146095276e-02,6.925185322761535645e-01,7.179716825485229492e-01,-5.192887037992477417e-03,-3.949070721864700317e-02,9.375941008329391479e-02,-2.774311304092407227e-01,3.487139567732810974e-02,7.141659855842590332e-01,7.295997440814971924e-02,2.125297337770462036e-01,1.221660614013671875e+00,2.443450450897216797e+00,-2.077050954103469849e-01,-3.221614956855773926e-01,-3.179055079817771912e-02,7.141659855842590332e-01,9.705472737550735474e-02,-1.782409995794296265e-01,1.221660614013671875e+00,2.443450450897216797e+00
2.654713578522205353e-02,5.099236592650413513e-02,1.085476994514465332e+00,-4.708277061581611633e-02,5.277800559997558594e-02,6.927701830863952637e-01,7.176818251609802246e-01,-4.961568396538496017e-03,-3.859873116016387939e-02,9.476611763238906860e-02,-2.785570621490478516e-01,3.512663766741752625e-02,7.141659855842590332e-01,7.347635924816131592e-02,2.121220678091049194e-01,1.221660614013671875e+00,2.443450450897216797e+00,-2.094788551330566406e-01,-3.224956095218658447e-01,-3.027061000466346741e-02,7.141659855842590332e-01,9.731603413820266724e-02,-1.767621040344238281e-01,1.221660614013671875e+00,2.443450450897216797e+00
2.733719162642955780e-02,5.112163722515106201e-02,1.085502505302429199e+00,-4.721122235059738159e-02,5.285063758492469788e-02,6.929166316986083984e-01,7.175266146659851074e-01,-4.487510304898023605e-03,-3.771920502185821533e-02,9.553494304418563843e-02,-2.788752913475036621e-01,3.586511313915252686e-02,7.141659855842590332e-01,7.393177598714828491e-02,2.120628952980041504e-01,1.221660614013671875e+00,2.443450450897216797e+00,-2.109070122241973877e-01,-3.220339119434356689e-01,-2.899551205337047577e-02,7.141659855842590332e-01,9.692496806383132935e-02,-1.753731071949005127e-01,1.221660614013671875e+00,2.443450450897216797e+00
2.829818613827228546e-02,5.141274258494377136e-02,1.085554122924804688e+00,-4.715729877352714539e-02,5.276195332407951355e-02,6.929036378860473633e-01,7.175492048263549805e-01,-3.967816010117530823e-03,-3.694869577884674072e-02,9.575959295034408569e-02,-2.782899439334869385e-01,3.700765594840049744e-02,7.141659855842590332e-01,7.408855855464935303e-02,2.125472724437713623e-01,1.221660614013671875e+00,2.443450450897216797e+00,-2.119491547346115112e-01,-3.210905194282531738e-01,-2.805932983756065369e-02,7.141659855842590332e-01,9.645699709653854370e-02,-1.744911074638366699e-01,1.221660614013671875e+00,2.443450450897216797e+00
2.923547290265560150e-02,5.187940970063209534e-02,1.085568904876708984e+00,-4.701465368270874023e-02,5.257053300738334656e-02,6.928554773330688477e-01,7.176191806793212891e-01,-3.503301413729786873e-03,-3.632012382149696350e-02,9.562231600284576416e-02,-2.771738469600677490e-01,3.833166137337684631e-02,7.141659855842590332e-01,7.353289425373077393e-02,2.133555710315704346e-01,1.221660614013671875e+00,2.443450450897216797e+00,-2.126176059246063232e-01,-3.199694156646728516e-01,-2.740495093166828156e-02,7.141659855842590332e-01,9.602432698011398315e-02,-1.740874946117401123e-01,1.221660614013671875e+00,2.443450450897216797e+00
2.995079942047595978e-02,5.217169597744941711e-02,1.085563302040100098e+00,-4.679648950695991516e-02,5.249732732772827148e-02,6.926796436309814453e-01,7.178084850311279297e-01,-2.892882563173770905e-03,-3.553261235356330872e-02,9.518239647150039673e-02,-2.752130329608917236e-01,4.023330286145210266e-02,7.141659855842590332e-01,7.272320240736007690e-02,2.154029607772827148e-01,1.221660614013671875e+00,2.443450450897216797e+00,-2.131947576999664307e-01,-3.191973268985748291e-01,-2.718863636255264282e-02,7.141659855842590332e-01,9.534627944231033325e-02,-1.740569472312927246e-01,1.221660614013671875e+00,2.443450450897216797e+00
3.041170537471771240e-02,5.230111256241798401e-02,1.085556030273437500e+00,-4.664611443877220154e-02,5.226397141814231873e-02,6.924554705619812012e-01,7.180515527725219727e-01,-2.472970401868224144e-03,-3.483501076698303223e-02,9.464349597692489624e-02,-2.742109894752502441e-01,4.100538417696952820e-02,7.141659855842590332e-01,7.223247736692428589e-02,2.169023454189300537e-01,1.221660614013671875e+00,2.443450450897216797e+00,-2.136325389146804810e-01,-3.183718919754028320e-01,-2.672474458813667297e-02,7.141659855842590332e-01,9.421069920063018799e-02,-1.741814911365509033e-01,1.221660614013671875e+00,2.443450450897216797e+00
3.060390800237655640e-02,5.231856182217597961e-02,1.085556268692016602e+00,-4.655306413769721985e-02,5.208533629775047302e-02,6.922753453254699707e-01,7.182442545890808105e-01,-2.185282530263066292e-03,-3.423899784684181213e-02,9.432867169380187988e-02,-2.735482156276702881e-01,4.148664698004722595e-02,7.141659855842590332e-01,7.235233485698699951e-02,2.180970609188079834e-01,1.221660614013671875e+00,2.443450450897216797e+00,-2.138759493827819824e-01,-3.179598450660705566e-01,-2.634312584996223450e-02,7.141659855842590332e-01,9.313531219959259033e-02,-1.743961721658706665e-01,1.221660614013671875e+00,2.443450450897216797e+00
3.062237426638603210e-02,5.226658284664154053e-02,1.085552453994750977e+00,-4.652438685297966003e-02,5.196523666381835938e-02,6.920422911643981934e-01,7.184793353080749512e-01,-2.243255497887730598e-03,-3.333824872970581055e-02,9.420476108789443970e-02,-2.732525765895843506e-01,4.171606525778770447e-02,7.141659855842590332e-01,7.288356870412826538e-02,2.189487367868423462e-01,1.221660614013671875e+00,2.443450450897216797e+00,-2.136320322751998901e-01,-3.179467320442199707e-01,-2.608618326485157013e-02,7.141659855842590332e-01,9.232201427221298218e-02,-1.748280525207519531e-01,1.221660614013671875e+00,2.443450450897216797e+00
3.054890409111976624e-02,5.233029648661613464e-02,1.085503220558166504e+00,-4.648564010858535767e-02,5.187444016337394714e-02,6.917483806610107422e-01,7.187713980674743652e-01,-2.830729121342301369e-03,-3.219596669077873230e-02,9.425795823335647583e-02,-2.731676399707794189e-01,4.170272871851921082e-02,7.141659855842590332e-01,7.348629087209701538e-02,2.194689512252807617e-01,1.221660614013671875e+00,2.443450450897216797e+00,-2.129023522138595581e-01,-3.181109726428985596e-01,-2.609831281006336212e-02,7.141659855842590332e-01,9.166031330823898315e-02,-1.754583865404129028e-01,1.221660614013671875e+00,2.443450450897216797e+00
3.044297732412815094e-02,5.254014953970909119e-02,1.085420489311218262e+00,-4.644130170345306396e-02,5.179387703537940979e-02,6.914141774177551270e-01,7.191015481948852539e-01,-3.774130949750542641e-03,-3.083286434412002563e-02,9.455705434083938599e-02,-2.731465697288513184e-01,4.152626544237136841e-02,7.141659855842590332e-01,7.412499189376831055e-02,2.198898494243621826e-01,1.221660614013671875e+00,2.443450450897216797e+00,-2.117104232311248779e-01,-3.183551430702209473e-01,-2.635736018419265747e-02,7.141659855842590332e-01,9.134794026613235474e-02,-1.761708259582519531e-01,1.221660614013671875e+00,2.443450450897216797e+00
3.028263337910175323e-02,5.269607529044151306e-02,1.085289716720581055e+00,-4.634401574730873108e-02,5.167231708765029907e-02,6.910192966461181641e-01,7.194960117340087891e-01,-4.802751354873180389e-03,-2.948014996945858002e-02,9.522664546966552734e-02,-2.729785144329071045e-01,4.122281074523925781e-02,7.141659855842590332e-01,7.469309121370315552e-02,2.202776223421096802e-01,1.221660614013671875e+00,2.443450450897216797e+00,-2.104906588792800903e-01,-3.184624314308166504e-01,-2.679489739239215851e-02,7.141659855842590332e-01,9.139433503150939941e-02,-1.767358332872390747e-01,1.221660614013671875e+00,2.443450450897216797e+00
2.998257987201213837e-02,5.269477888941764832e-02,1.085114240646362305e+00,-4.624991863965988159e-02,5.159850418567657471e-02,6.905577182769775391e-01,7.199503779411315918e-01,-5.761252250522375107e-03,-2.809523232281208038e-02,9.633264690637588501e-02,-2.728447914123535156e-01,4.076181352138519287e-02,7.141659855842590332e-01,7.497977465391159058e-02,2.204328626394271851e-01,1.221660614013671875e+00,2.443450450897216797e+00,-2.095016092061996460e-01,-3.186751604080200195e-01,-2.721910364925861359e-02,7.141659855842590332e-01,9.152908623218536377e-02,-1.766443103551864624e-01,1.221660614013671875e+00,2.443450450897216797e+00
2.958390489220619202e-02,5.254067108035087585e-02,1.084929466247558594e+00,-4.613196104764938354e-02,5.152654647827148438e-02,6.900919079780578613e-01,7.204096317291259766e-01,-6.579974666237831116e-03,-2.681148052215576172e-02,9.778326749801635742e-02,-2.726161181926727295e-01,4.024745896458625793e-02,7.141659855842590332e-01,7.537472993135452271e-02,2.203620225191116333e-01,1.221660614013671875e+00,2.443450450897216797e+00,-2.088387906551361084e-01,-3.188851177692413330e-01,-2.761776931583881378e-02,7.141659855842590332e-01,9.183099865913391113e-02,-1.761108785867691040e-01,1.221660614013671875e+00,2.443450450897216797e+00
2.908874116837978363e-02,5.241994932293891907e-02,1.084815979003906250e+00,-4.595248028635978699e-02,5.139311030507087708e-02,6.896247863769531250e-01,7.208777666091918945e-01,-7.234765682369470596e-03,-2.599651180207729340e-02,9.911251813173294067e-02,-2.720910608768463135e-01,3.968634083867073059e-02,7.141659855842590332e-01,7.615814357995986938e-02,2.202055603265762329e-01,1.221660614013671875e+00,2.443450450897216797e+00,-2.082901149988174438e-01,-3.188462257385253906e-01,-2.805834636092185974e-02,7.141659855842590332e-01,9.224098920822143555e-02,-1.753722280263900757e-01,1.221660614013671875e+00,2.443450450897216797e+00
2.871757745742797852e-02,5.215559527277946472e-02,1.084773778915405273e+00,-4.572051763534545898e-02,5.117690190672874451e-02,6.892265081405639648e-01,7.212887406349182129e-01,-7.619963027536869049e-03,-2.581374719738960266e-02,1.002926975488662720e-01,-2.712903916835784912e-01,3.912167996168136597e-02,7.141659855842590332e-01,7.670054584741592407e-02,2.196256071329116821e-01,1.221660494804382324e+00,2.443450212478637695e+00,-2.079260051250457764e-01,-3.184786736965179443e-01,-2.844735980033874512e-02,7.141659855842590332e-01,9.257364273071289062e-02,-1.747355163097381592e-01,1.221660614013671875e+00,2.443450450897216797e+00
2.852541580796241760e-02,5.152018740773200989e-02,1.084738969802856445e+00,-4.542653262615203857e-02,5.088359490036964417e-02,6.889343261718750000e-01,7.216070890426635742e-01,-7.794444449245929718e-03,-2.602927014231681824e-02,1.012973114848136902e-01,-2.702476680278778076e-01,3.867843002080917358e-02,7.141659259796142578e-01,7.697348296642303467e-02,2.186085581779479980e-01,1.221660137176513672e+00,2.443449497222900391e+00,-2.076241374015808105e-01,-3.177949488162994385e-01,-2.888422273099422455e-02,7.141659855842590332e-01,9.298995882272720337e-02,-1.743612438440322876e-01,1.221660614013671875e+00,2.443450450897216797e+00
2.820939943194389343e-02,5.114791542291641235e-02,1.084695935249328613e+00,-4.498104378581047058e-02,5.056309700012207031e-02,6.888403892517089844e-01,7.217472195625305176e-01,-7.493189536035060883e-03,-2.652049250900745392e-02,1.018976494669914246e-01,-2.688606977462768555e-01,3.803305327892303467e-02,7.141658663749694824e-01,7.674445956945419312e-02,2.172935009002685547e-01,1.221659779548645020e+00,2.443448543548583984e+00,-2.076139450073242188e-01,-3.178290724754333496e-01,-2.870164066553115845e-02,7.141659855842590332e-01,9.419070929288864136e-02,-1.737217158079147339e-01,1.221660614013671875e+00,2.443450450897216797e+00
2.776882611215114594e-02,5.132636427879333496e-02,1.084660410881042480e+00,-4.481431096792221069e-02,5.033352971076965332e-02,6.888095736503601074e-01,7.218030095100402832e-01,-7.058751769363880157e-03,-2.723026648163795471e-02,1.022046580910682678e-01,-2.681248784065246582e-01,3.766410797834396362e-02,7.141658067703247070e-01,7.607249915599822998e-02,2.161062508821487427e-01,1.221659541130065918e+00,2.443448305130004883e+00,-2.077804952859878540e-01,-3.171740770339965820e-01,-2.913507632911205292e-02,7.141659855842590332e-01,9.510366618633270264e-02,-1.739261001348495483e-01,1.221660614013671875e+00,2.443450450897216797e+00
2.733725681900978088e-02,5.147137492895126343e-02,1.084620952606201172e+00,-4.472825676202774048e-02,5.015343055129051208e-02,6.888776421546936035e-01,7.217559218406677246e-01,-6.417619530111551285e-03,-2.802065573632717133e-02,1.021205335855484009e-01,-2.675284147262573242e-01,3.735542297363281250e-02,7.141657471656799316e-01,7.535264641046524048e-02,2.152163982391357422e-01,1.221659302711486816e+00,2.443447828292846680e+00,-2.078978419303894043e-01,-3.166756033897399902e-01,-2.957664616405963898e-02,7.141659855842590332e-01,9.568862617015838623e-02,-1.742944270372390747e-01,1.221660614013671875e+00,2.443450450897216797e+00
2.675513364374637604e-02,5.161248147487640381e-02,1.084615349769592285e+00,-4.461161792278289795e-02,5.000256374478340149e-02,6.888889670372009277e-01,7.217627763748168945e-01,-5.497909616678953171e-03,-2.898498065769672394e-02,1.015445739030838013e-01,-2.681661844253540039e-01,3.742662072181701660e-02,7.141658067703247070e-01,7.583653926849365234e-02,2.152698487043380737e-01,1.221659421920776367e+00,2.443448066711425781e+00,-2.079578340053558350e-01,-3.162136077880859375e-01,-3.018422611057758331e-02,7.141659855842590332e-01,9.620665758848190308e-02,-1.747168898582458496e-01,1.221660614013671875e+00,2.443450450897216797e+00
2.613771520555019379e-02,5.167810991406440735e-02,1.084680795669555664e+00,-4.469136521220207214e-02,4.999617487192153931e-02,6.890010833740234375e-01,7.216513156890869141e-01,-4.608852323144674301e-03,-2.974976785480976105e-02,1.005521640181541443e-01,-2.681505680084228516e-01,3.703534603118896484e-02,7.141657471656799316e-01,7.628140598535537720e-02,2.153595983982086182e-01,1.221659302711486816e+00,2.443447589874267578e+00,-2.079139500856399536e-01,-3.162407279014587402e-01,-3.064692579209804535e-02,7.141659855842590332e-01,9.694225341081619263e-02,-1.752726137638092041e-01,1.221660614013671875e+00,2.443450450897216797e+00
2.553498744964599609e-02,5.181160569190979004e-02,1.084730029106140137e+00,-4.474258795380592346e-02,5.001112446188926697e-02,6.891918778419494629e-01,7.214648723602294922e-01,-3.822929691523313522e-03,-3.020386211574077606e-02,9.948166459798812866e-02,-2.680815756320953369e-01,3.658221289515495300e-02,7.141657471656799316e-01,7.673068344593048096e-02,2.152358293533325195e-01,1.221659064292907715e+00,2.443447351455688477e+00,-2.077942341566085815e-01,-3.161907494068145752e-01,-3.129761293530464172e-02,7.141659855842590332e-01,9.732926636934280396e-02,-1.762211620807647705e-01,1.221660614013671875e+00,2.443450450897216797e+00
2.517383173108100891e-02,5.204475298523902893e-02,1.084736227989196777e+00,-4.474009573459625244e-02,5.006401613354682922e-02,6.893626451492309570e-01,7.212982177734375000e-01,-3.324738936498761177e-03,-3.008774295449256897e-02,9.870970994234085083e-02,-2.679497003555297852e-01,3.620246425271034241e-02,7.141656875610351562e-01,7.662372291088104248e-02,2.146275639533996582e-01,1.221658945083618164e+00,2.443447113037109375e+00,-2.076495736837387085e-01,-3.160783350467681885e-01,-3.196962922811508179e-02,7.141659855842590332e-01,9.773701429367065430e-02,-1.771501898765563965e-01,1.221660614013671875e+00,2.443450450897216797e+00
2.512976713478565216e-02,5.223226919770240784e-02,1.084732174873352051e+00,-4.465163871645927429e-02,5.015204101800918579e-02,6.894604563713073730e-01,7.212041020393371582e-01,-3.055702894926071167e-03,-2.952311933040618896e-02,9.837889671325683594e-02,-2.677540481090545654e-01,3.592072054743766785e-02,7.141656875610351562e-01,7.625755667686462402e-02,2.139538079500198364e-01,1.221658945083618164e+00,2.443446874618530273e+00,-2.075645178556442261e-01,-3.159639835357666016e-01,-3.253739699721336365e-02,7.141659855842590332e-01,9.832536429166793823e-02,-1.776935011148452759e-01,1.221660614013671875e+00,2.443450450897216797e+00
2.524771727621555328e-02,5.226800590753555298e-02,1.084703683853149414e+00,-4.450246691703796387e-02,5.020568519830703735e-02,6.896063685417175293e-01,7.210700511932373047e-01,-2.888929797336459160e-03,-2.892833016812801361e-02,9.823496639728546143e-02,-2.675691545009613037e-01,3.576178476214408875e-02,7.141656875610351562e-01,7.620297372341156006e-02,2.137770950794219971e-01,1.221658945083618164e+00,2.443447113037109375e+00,-2.073012441396713257e-01,-3.157986104488372803e-01,-3.304352238774299622e-02,7.141659855842590332e-01,9.872745722532272339e-02,-1.777920424938201904e-01,1.221660614013671875e+00,2.443450450897216797e+00
2.528352104127407074e-02,5.206483975052833557e-02,1.084612846374511719e+00,-4.430096223950386047e-02,5.017501115798950195e-02,6.897540092468261719e-01,7.209433317184448242e-01,-2.762868534773588181e-03,-2.847008034586906433e-02,9.807474166154861450e-02,-2.674542069435119629e-01,3.559134528040885925e-02,7.141656875610351562e-01,7.643857598304748535e-02,2.140882015228271484e-01,1.221658945083618164e+00,2.443447113037109375e+00,-2.071537226438522339e-01,-3.156842887401580811e-01,-3.351642936468124390e-02,7.141659855842590332e-01,9.885782003402709961e-02,-1.775466501712799072e-01,1.221660614013671875e+00,2.443450450897216797e+00
2.510294876992702484e-02,5.176965892314910889e-02,1.084524869918823242e+00,-4.414569213986396790e-02,5.007874965667724609e-02,6.899021863937377930e-01,7.208177447319030762e-01,-2.724767895415425301e-03,-2.802238985896110535e-02,9.801211953163146973e-02,-2.674446403980255127e-01,3.533041104674339294e-02,7.141656875610351562e-01,7.673016935586929321e-02,2.145257294178009033e-01,1.221658945083618164e+00,2.443447113037109375e+00,-2.070740610361099243e-01,-3.155980408191680908e-01,-3.392340242862701416e-02,7.141659855842590332e-01,9.883397817611694336e-02,-1.769047081470489502e-01,1.221660614013671875e+00,2.443450450897216797e+00
2.475227229297161102e-02,5.158692225813865662e-02,1.084497451782226562e+00,-4.408305883407592773e-02,4.998891055583953857e-02,6.899819374084472656e-01,7.207515239715576172e-01,-2.902526641264557838e-03,-2.748705446720123291e-02,9.806520491838455200e-02,-2.674422264099121094e-01,3.499128296971321106e-02,7.141656875610351562e-01,7.689473778009414673e-02,2.147037982940673828e-01,1.221658825874328613e+00,2.443446874618530273e+00,-2.071395814418792725e-01,-3.155290484428405762e-01,-3.421541303396224976e-02,7.141659855842590332e-01,9.897848218679428101e-02,-1.761635392904281616e-01,1.221660614013671875e+00,2.443450450897216797e+00
2.439632825553417206e-02,5.150518938899040222e-02,1.084525227546691895e+00,-4.406762123107910156e-02,4.990936815738677979e-02,6.900321841239929199e-01,7.207098603248596191e-01,-3.059807932004332542e-03,-2.699329517781734467e-02,9.824976325035095215e-02,-2.673909962177276611e-01,3.466061875224113464e-02,7.141656875610351562e-01,7.709347456693649292e-02,2.145696431398391724e-01,1.221658825874328613e+00,2.443446636199951172e+00,-2.074454575777053833e-01,-3.154098391532897949e-01,-3.436191380023956299e-02,7.141659855842590332e-01,9.938334673643112183e-02,-1.754311919212341309e-01,1.221660614013671875e+00,2.443450450897216797e+00
2.420917898416519165e-02,5.152772739529609680e-02,1.084576249122619629e+00,-4.406221210956573486e-02,4.987972602248191833e-02,6.899898648262023926e-01,7.207527756690979004e-01,-3.005549777299165726e-03,-2.648645266890525818e-02,9.843721985816955566e-02,-2.672720253467559814e-01,3.443440049886703491e-02,7.141656279563903809e-01,7.731856405735015869e-02,2.143150269985198975e-01,1.221658706665039062e+00,2.443446397781372070e+00,-2.079223245382308960e-01,-3.153311610221862793e-01,-3.432542085647583008e-02,7.141659855842590332e-01,9.979289770126342773e-02,-1.749681979417800903e-01,1.221660614013671875e+00,2.443450450897216797e+00
2.423602156341075897e-02,5.162839591503143311e-02,1.084601759910583496e+00,-4.403451830148696899e-02,4.987207800149917603e-02,6.898844242095947266e-01,7.208558917045593262e-01,-2.669735345989465714e-03,-2.593707665801048279e-02,9.850182384252548218e-02,-2.670540809631347656e-01,3.440961241722106934e-02,7.141656279563903809e-01,7.747742533683776855e-02,2.142403274774551392e-01,1.221658587455749512e+00,2.443446397781372070e+00,-2.082751393318176270e-01,-3.152573704719543457e-01,-3.417944535613059998e-02,7.141659855842590332e-01,9.961566329002380371e-02,-1.747253835201263428e-01,1.221660614013671875e+00,2.443450450897216797e+00
2.436713688075542450e-02,5.170062184333801270e-02,1.084605097770690918e+00,-4.398344829678535461e-02,4.984528571367263794e-02,6.897447705268859863e-01,7.209944725036621094e-01,-2.089310670271515846e-03,-2.532068639993667603e-02,9.853073209524154663e-02,-2.668131589889526367e-01,3.449341282248497009e-02,7.141656279563903809e-01,7.749912887811660767e-02,2.142687290906906128e-01,1.221658587455749512e+00,2.443446159362792969e+00,-2.085618525743484497e-01,-3.151949346065521240e-01,-3.390280529856681824e-02,7.141659855842590332e-01,9.897939115762710571e-02,-1.745813935995101929e-01,1.221660614013671875e+00,2.443450450897216797e+00
2.460784092545509338e-02,5.160386115312576294e-02,1.084554314613342285e+00,-4.388807713985443115e-02,4.976671561598777771e-02,6.896126270294189453e-01,7.211320996284484863e-01,-1.416321261785924435e-03,-2.450470067560672760e-02,9.877125173807144165e-02,-2.666518688201904297e-01,3.468488529324531555e-02,7.141656279563903809e-01,7.748366147279739380e-02,2.145153880119323730e-01,1.221658587455749512e+00,2.443446159362792969e+00,-2.086832374334335327e-01,-3.151401579380035400e-01,-3.356307372450828552e-02,7.141659855842590332e-01,9.812095761299133301e-02,-1.744257807731628418e-01,1.221660614013671875e+00,2.443450450897216797e+00
2.494927309453487396e-02,5.138135328888893127e-02,1.084473848342895508e+00,-4.381043091416358948e-02,4.972036927938461304e-02,6.894370913505554199e-01,7.213078737258911133e-01,-8.045672439038753510e-04,-2.350350469350814819e-02,9.930893033742904663e-02,-2.667187750339508057e-01,3.493481874465942383e-02,7.141656279563903809e-01,7.736481726169586182e-02,2.148749232292175293e-01,1.221658587455749512e+00,2.443446397781372070e+00,-2.086256742477416992e-01,-3.152882754802703857e-01,-3.313363716006278992e-02,7.141659855842590332e-01,9.760229289531707764e-02,-1.741980463266372681e-01,1.221660614013671875e+00,2.443450450897216797e+00
2.527305483818054199e-02,5.114933475852012634e-02,1.084422707557678223e+00,-4.376675561070442200e-02,4.972309246659278870e-02,6.892061233520507812e-01,7.215310335159301758e-01,-2.041698317043483257e-04,-2.273530885577201843e-02,9.987556189298629761e-02,-2.668679058551788330e-01,3.514922410249710083e-02,7.141656279563903809e-01,7.743152976036071777e-02,2.152605354785919189e-01,1.221658706665039062e+00,2.443446397781372070e+00,-2.084499746561050415e-01,-3.155836164951324463e-01,-3.268193826079368591e-02,7.141659855842590332e-01,9.761875122785568237e-02,-1.740100830793380737e-01,1.221660614013671875e+00,2.443450450897216797e+00
2.551187202334403992e-02,5.095195025205612183e-02,1.084418892860412598e+00,-4.376012086868286133e-02,4.980215802788734436e-02,6.888735294342041016e-01,7.218435406684875488e-01,3.682714595925062895e-04,-2.236695215106010437e-02,1.002079993486404419e-01,-2.670489549636840820e-01,3.526544943451881409e-02,7.141656279563903809e-01,7.774126529693603516e-02,2.156442403793334961e-01,1.221658706665039062e+00,2.443446636199951172e+00,-2.083268612623214722e-01,-3.160829544067382812e-01,-3.224009647965431213e-02,7.141659855842590332e-01,9.779576957225799561e-02,-1.739569455385208130e-01,1.221660614013671875e+00,2.443450450897216797e+00
2.565433830022811890e-02,5.093280971050262451e-02,1.084436655044555664e+00,-4.381433129310607910e-02,4.991542547941207886e-02,6.885734200477600098e-01,7.221186757087707520e-01,9.171660058200359344e-04,-2.230015024542808533e-02,1.004586815834045410e-01,-2.672123908996582031e-01,3.531521931290626526e-02,7.141656875610351562e-01,7.800444960594177246e-02,2.157735228538513184e-01,1.221658706665039062e+00,2.443446636199951172e+00,-2.082396149635314941e-01,-3.165765106678009033e-01,-3.182131424546241760e-02,7.141659855842590332e-01,9.811305999755859375e-02,-1.741797029972076416e-01,1.221660614013671875e+00,2.443450450897216797e+00
2.573331259191036224e-02,5.107932910323143005e-02,1.084497928619384766e+00,-4.391357302665710449e-02,5.003680661320686340e-02,6.883565187454223633e-01,7.223110198974609375e-01,1.514961360953748226e-03,-2.253460884094238281e-02,1.004449799656867981e-01,-2.673177421092987061e-01,3.532849624752998352e-02,7.141656279563903809e-01,7.802236080169677734e-02,2.157652825117111206e-01,1.221658706665039062e+00,2.443446397781372070e+00,-2.080920636653900146e-01,-3.168968260288238525e-01,-3.155036643147468567e-02,7.141659855842590332e-01,9.857849776744842529e-02,-1.743572950363159180e-01,1.221660614013671875e+00,2.443450450897216797e+00
2.580860070884227753e-02,5.112221464514732361e-02,1.084578156471252441e+00,-4.393948987126350403e-02,5.012616887688636780e-02,6.881846785545349121e-01,7.224670052528381348e-01,2.172463107854127884e-03,-2.294433675706386566e-02,1.000304520130157471e-01,-2.673266828060150146e-01,3.532001003623008728e-02,7.141656279563903809e-01,7.791097462177276611e-02,2.157829552888870239e-01,1.221658706665039062e+00,2.443446397781372070e+00,-2.080273032188415527e-01,-3.170898258686065674e-01,-3.147307410836219788e-02,7.141659855842590332e-01,9.904762357473373413e-02,-1.742088496685028076e-01,1.221660614013671875e+00,2.443450450897216797e+00
2.579250186681747437e-02,5.094254389405250549e-02,1.084657192230224609e+00,-4.389045760035514832e-02,5.015921965241432190e-02,6.881185770034790039e-01,7.225306630134582520e-01,2.807409968227148056e-03,-2.337361127138137817e-02,9.925805032253265381e-02,-2.673303186893463135e-01,3.527342155575752258e-02,7.141656279563903809e-01,7.788942754268646240e-02,2.159156352281570435e-01,1.221658706665039062e+00,2.443446397781372070e+00,-2.079369425773620605e-01,-3.172357082366943359e-01,-3.156122565269470215e-02,7.141659855842590332e-01,9.947978705167770386e-02,-1.737262904644012451e-01,1.221660614013671875e+00,2.443450450897216797e+00
2.568853832781314850e-02,5.057989060878753662e-02,1.084702372550964355e+00,-4.384889453649520874e-02,5.019229277968406677e-02,6.881377100944519043e-01,7.225126028060913086e-01,3.327080281451344490e-03,-2.356133796274662018e-02,9.839432686567306519e-02,-2.675602436065673828e-01,3.520533069968223572e-02,7.141656279563903809e-01,7.780912518501281738e-02,2.162301093339920044e-01,1.221658706665039062e+00,2.443446397781372070e+00,-2.076803594827651978e-01,-3.175693452358245850e-01,-3.172126784920692444e-02,7.141659855842590332e-01,9.946544468402862549e-02,-1.731945276260375977e-01,1.221660614013671875e+00,2.443450450897216797e+00
2.557335048913955688e-02,5.013376846909523010e-02,1.084727168083190918e+00,-4.381114616990089417e-02,5.020651221275329590e-02,6.882243156433105469e-01,7.224314212799072266e-01,3.659071633592247963e-03,-2.355672977864742279e-02,9.764213860034942627e-02,-2.679045498371124268e-01,3.512414544820785522e-02,7.141656875610351562e-01,7.795836776494979858e-02,2.167432606220245361e-01,1.221658706665039062e+00,2.443446636199951172e+00,-2.072799503803253174e-01,-3.179104328155517578e-01,-3.191265091300010681e-02,7.141659855842590332e-01,9.922128915786743164e-02,-1.728738397359848022e-01,1.221660614013671875e+00,2.443450450897216797e+00
2.554426155984401703e-02,4.976563155651092529e-02,1.084757924079895020e+00,-4.377447813749313354e-02,5.017385631799697876e-02,6.883729100227355957e-01,7.222943305969238281e-01,3.894295077770948410e-03,-2.360009402036666870e-02,9.721853584051132202e-02,-2.681786417961120605e-01,3.511220961809158325e-02,7.141656875610351562e-01,7.812513411045074463e-02,2.171900123357772827e-01,1.221658825874328613e+00,2.443446874618530273e+00,-2.069624662399291992e-01,-3.180231750011444092e-01,-3.197392076253890991e-02,7.141659855842590332e-01,9.954776614904403687e-02,-1.732834875583648682e-01,1.221660614013671875e+00,2.443450450897216797e+00
2.571779303252696991e-02,4.950991272926330566e-02,1.084757328033447266e+00,-4.371203854680061340e-02,5.011114105582237244e-02,6.884575486183166504e-01,7.222217917442321777e-01,4.128513857722282410e-03,-2.350865490734577179e-02,9.731282293796539307e-02,-2.683311402797698975e-01,3.521096333861351013e-02,7.141656875610351562e-01,7.789915055036544800e-02,2.173983752727508545e-01,1.221658945083618164e+00,2.443447113037109375e+00,-2.068672180175781250e-01,-3.179938793182373047e-01,-3.183200955390930176e-02,7.141659855842590332e-01,1.003721132874488831e-01,-1.739599108695983887e-01,1.221660614013671875e+00,2.443450450897216797e+00
2.602935582399368286e-02,4.936252161860466003e-02,1.084743142127990723e+00,-4.360498860478401184e-02,5.001989006996154785e-02,6.884964108467102051e-01,7.221975922584533691e-01,4.380214959383010864e-03,-2.350796014070510864e-02,9.758158773183822632e-02,-2.682791352272033691e-01,3.541238605976104736e-02,7.141657471656799316e-01,7.724279165267944336e-02,2.173231989145278931e-01,1.221659064292907715e+00,2.443447113037109375e+00,-2.068833559751510620e-01,-3.177917301654815674e-01,-3.162662312388420105e-02,7.141659855842590332e-01,1.013659909367561340e-01,-1.743253767490386963e-01,1.221660614013671875e+00,2.443450450897216797e+00
2.624015882611274719e-02,4.930822551250457764e-02,1.084758162498474121e+00,-4.347979649901390076e-02,4.994577914476394653e-02,6.884714961051940918e-01,7.222339510917663574e-01,4.689909052103757858e-03,-2.387172169983386993e-02,9.750822186470031738e-02,-2.680397331714630127e-01,3.553888946771621704e-02,7.141657471656799316e-01,7.623618096113204956e-02,2.173883765935897827e-01,1.221659064292907715e+00,2.443447351455688477e+00,-2.070166766643524170e-01,-3.175619542598724365e-01,-3.152306377887725830e-02,7.141659855842590332e-01,1.020113006234169006e-01,-1.741449534893035889e-01,1.221660614013671875e+00,2.443450450897216797e+00
2.625052444636821747e-02,4.926066845655441284e-02,1.084728121757507324e+00,-4.341403767466545105e-02,4.991040751338005066e-02,6.883657574653625488e-01,7.223411798477172852e-01,5.089601967483758926e-03,-2.433646656572818756e-02,9.705982357263565063e-02,-2.679302096366882324e-01,3.561543673276901245e-02,7.141657471656799316e-01,7.482048124074935913e-02,2.170778065919876099e-01,1.221659064292907715e+00,2.443447351455688477e+00,-2.070480287075042725e-01,-3.175966441631317139e-01,-3.152124211192131042e-02,7.141659855842590332e-01,1.018269732594490051e-01,-1.734347492456436157e-01,1.221660614013671875e+00,2.443450450897216797e+00
2.603951096534729004e-02,4.911362007260322571e-02,1.084645390510559082e+00,-4.337131977081298828e-02,4.988621175289154053e-02,6.881895661354064941e-01,7.225132584571838379e-01,5.390003323554992676e-03,-2.457081899046897888e-02,9.668794274330139160e-02,-2.679731249809265137e-01,3.549957647919654846e-02,7.141656875610351562e-01,7.372491061687469482e-02,2.162218093872070312e-01,1.221659064292907715e+00,2.443447113037109375e+00,-2.071432173252105713e-01,-3.179134130477905273e-01,-3.160252049565315247e-02,7.141659855842590332e-01,1.011785864830017090e-01,-1.723395884037017822e-01,1.221660614013671875e+00,2.443450450897216797e+00
2.567326650023460388e-02,4.881519451737403870e-02,1.084608435630798340e+00,-4.335461929440498352e-02,4.984930530190467834e-02,6.880619525909423828e-01,7.226383090019226074e-01,5.677460227161645889e-03,-2.469132654368877411e-02,9.676560759544372559e-02,-2.681939005851745605e-01,3.513918817043304443e-02,7.141656875610351562e-01,7.341201603412628174e-02,2.152337133884429932e-01,1.221658825874328613e+00,2.443446874618530273e+00,-2.073147445917129517e-01,-3.183274567127227783e-01,-3.165043145418167114e-02,7.141659855842590332e-01,1.007947698235511780e-01,-1.715862900018692017e-01,1.221660614013671875e+00,2.443450450897216797e+00
2.537787705659866333e-02,4.831496998667716980e-02,1.084602355957031250e+00,-4.333159327507019043e-02,4.985625296831130981e-02,6.879151463508605957e-01,7.227790355682373047e-01,5.985188297927379608e-03,-2.462889440357685089e-02,9.693129360675811768e-02,-2.686191201210021973e-01,3.473097085952758789e-02,7.141656875610351562e-01,7.401236891746520996e-02,2.145376950502395630e-01,1.221658825874328613e+00,2.443446636199951172e+00,-2.073679119348526001e-01,-3.189332187175750732e-01,-3.165638074278831482e-02,7.141659855842590332e-01,1.008156836032867432e-01,-1.716688722372055054e-01,1.221660614013671875e+00,2.443450450897216797e+00
2.533306740224361420e-02,4.767397791147232056e-02,1.084572792053222656e+00,-4.326496273279190063e-02,4.989295452833175659e-02,6.878096461296081543e-01,7.228808403015136719e-01,6.189854349941015244e-03,-2.452736161649227142e-02,9.696691483259201050e-02,-2.691737115383148193e-01,3.448458015918731689e-02,7.141656875610351562e-01,7.517980039119720459e-02,2.144242227077484131e-01,1.221658825874328613e+00,2.443446636199951172e+00,-2.070836722850799561e-01,-3.195694088935852051e-01,-3.172855079174041748e-02,7.141659855842590332e-01,1.009740978479385376e-01,-1.723739355802536011e-01,1.221660614013671875e+00,2.443450450897216797e+00
2.549300715327262878e-02,4.706068709492683411e-02,1.084506630897521973e+00,-4.312379285693168640e-02,4.989409819245338440e-02,6.878093481063842773e-01,7.228895425796508789e-01,6.439943332225084305e-03,-2.460272610187530518e-02,9.691036492586135864e-02,-2.695849835872650146e-01,3.442598879337310791e-02,7.141656875610351562e-01,7.622431963682174683e-02,2.147282361984252930e-01,1.221658825874328613e+00,2.443446874618530273e+00,-2.067946791648864746e-01,-3.199332654476165771e-01,-3.191956505179405212e-02,7.141659855842590332e-01,1.012369096279144287e-01,-1.733313202857971191e-01,1.221660614013671875e+00,2.443450450897216797e+00
2.565432526171207428e-02,4.648052528500556946e-02,1.084438920021057129e+00,-4.299182444810867310e-02,4.987268522381782532e-02,6.879386901855468750e-01,7.227757573127746582e-01,6.712935399264097214e-03,-2.482947707176208496e-02,9.664557874202728271e-02,-2.700129747390747070e-01,3.441826626658439636e-02,7.141656875610351562e-01,7.686024904251098633e-02,2.149565964937210083e-01,1.221658945083618164e+00,2.443447113037109375e+00,-2.065071612596511841e-01,-3.201518654823303223e-01,-3.220539540052413940e-02,7.141659855842590332e-01,1.014407649636268616e-01,-1.740494221448898315e-01,1.221660614013671875e+00,2.443450450897216797e+00
2.560763806104660034e-02,4.610177874565124512e-02,1.084365010261535645e+00,-4.292694479227066040e-02,4.985955730080604553e-02,6.880812644958496094e-01,7.226448059082031250e-01,6.941679865121841431e-03,-2.488207258284091949e-02,9.628453105688095093e-02,-2.703747451305389404e-01,3.434980288147926331e-02,7.141657471656799316e-01,7.680444419384002686e-02,2.147585004568099976e-01,1.221659064292907715e+00,2.443447351455688477e+00,-2.063061892986297607e-01,-3.203337788581848145e-01,-3.259274363517761230e-02,7.141659855842590332e-01,1.013592928647994995e-01,-1.742140352725982666e-01,1.221660614013671875e+00,2.443450450897216797e+00
2.537362091243267059e-02,4.597094282507896423e-02,1.084293007850646973e+00,-4.290578886866569519e-02,4.980740696191787720e-02,6.882559657096862793e-01,7.224832177162170410e-01,7.160596083849668503e-03,-2.486707456409931183e-02,9.579245746135711670e-02,-2.704989612102508545e-01,3.424211591482162476e-02,7.141657471656799316e-01,7.671105116605758667e-02,2.143014222383499146e-01,1.221659064292907715e+00,2.443447351455688477e+00,-2.059157788753509521e-01,-3.202750086784362793e-01,-3.311392292380332947e-02,7.141659855842590332e-01,1.008769199252128601e-01,-1.740502715110778809e-01,1.221660614013671875e+00,2.443450450897216797e+00
2.503081411123275757e-02,4.593615978956222534e-02,1.084259986877441406e+00,-4.288589581847190857e-02,4.971974715590476990e-02,6.884566545486450195e-01,7.222992181777954102e-01,7.311608642339706421e-03,-2.487307786941528320e-02,9.521804749965667725e-02,-2.704521417617797852e-01,3.401670232415199280e-02,7.141656875610351562e-01,7.701241225004196167e-02,2.140887975692749023e-01,1.221658945083618164e+00,2.443447113037109375e+00,-2.053840458393096924e-01,-3.200404942035675049e-01,-3.366094082593917847e-02,7.141659855842590332e-01,1.000912636518478394e-01,-1.738761216402053833e-01,1.221660614013671875e+00,2.443450450897216797e+00
2.474176511168479919e-02,4.594438895583152771e-02,1.084238409996032715e+00,-4.283269494771957397e-02,4.962004721164703369e-02,6.886351704597473145e-01,7.221390604972839355e-01,7.540880702435970306e-03,-2.492605522274971008e-02,9.477809816598892212e-02,-2.702833712100982666e-01,3.375554084777832031e-02,7.141656875610351562e-01,7.755775749683380127e-02,2.143015712499618530e-01,1.221658825874328613e+00,2.443446874618530273e+00,-2.049684971570968628e-01,-3.197324275970458984e-01,-3.407501429319381714e-02,7.141659855842590332e-01,9.913550317287445068e-02,-1.738794147968292236e-01,1.221660614013671875e+00,2.443450450897216797e+00
2.456680499017238617e-02,4.600044712424278259e-02,1.084219336509704590e+00,-4.274018853902816772e-02,4.952161759138107300e-02,6.887865662574768066e-01,7.220068573951721191e-01,7.852510549128055573e-03,-2.508779615163803101e-02,9.464751183986663818e-02,-2.700041830539703369e-01,3.350459411740303040e-02,7.141656875610351562e-01,7.810853421688079834e-02,2.146921753883361816e-01,1.221658825874328613e+00,2.443446636199951172e+00,-2.050210982561111450e-01,-3.193635046482086182e-01,-3.430856019258499146e-02,7.141659855842590332e-01,9.850320965051651001e-02,-1.741277277469635010e-01,1.221660614013671875e+00,2.443450450897216797e+00
2.459555491805076599e-02,4.629833623766899109e-02,1.084187746047973633e+00,-4.268516600131988525e-02,4.951926693320274353e-02,6.888493895530700684e-01,7.219503521919250488e-01,8.219295181334018707e-03,-2.539277821779251099e-02,9.469915181398391724e-02,-2.696721851825714111e-01,3.341075405478477478e-02,7.141656875610351562e-01,7.824087142944335938e-02,2.148825973272323608e-01,1.221658825874328613e+00,2.443446636199951172e+00,-2.055689543485641479e-01,-3.190608918666839600e-01,-3.436552733182907104e-02,7.141659855842590332e-01,9.842442721128463745e-02,-1.742894798517227173e-01,1.221660614013671875e+00,2.443450450897216797e+00
2.492783963680267334e-02,4.674122110009193420e-02,1.084168434143066406e+00,-4.267566651105880737e-02,4.963394999504089355e-02,6.888272166252136230e-01,7.219642400741577148e-01,8.648121729493141174e-03,-2.580324560403823853e-02,9.476108103990554810e-02,-2.693804502487182617e-01,3.360436484217643738e-02,7.141656875610351562e-01,7.793619483709335327e-02,2.148917764425277710e-01,1.221658825874328613e+00,2.443446874618530273e+00,-2.062910646200180054e-01,-3.189172148704528809e-01,-3.416393697261810303e-02,7.141659855842590332e-01,9.879074245691299438e-02,-1.740957051515579224e-01,1.221660614013671875e+00,2.443450450897216797e+00
2.545541152358055115e-02,4.723790287971496582e-02,1.084171414375305176e+00,-4.269871488213539124e-02,4.976563528180122375e-02,6.888052225112915039e-01,7.219747900962829590e-01,9.132969193160533905e-03,-2.631186507642269135e-02,9.477815032005310059e-02,-2.690727710723876953e-01,3.409751877188682556e-02,7.141656875610351562e-01,7.729969918727874756e-02,2.148938626050949097e-01,1.221658945083618164e+00,2.443447113037109375e+00,-2.067900300025939941e-01,-3.187177479267120361e-01,-3.380965813994407654e-02,7.141659855842590332e-01,9.937588125467300415e-02,-1.735614687204360962e-01,1.221660614013671875e+00,2.443450450897216797e+00
2.593896351754665375e-02,4.756246507167816162e-02,1.084227561950683594e+00,-4.278252273797988892e-02,4.989880695939064026e-02,6.887571215629577637e-01,7.220064997673034668e-01,9.525506757199764252e-03,-2.668938040733337402e-02,9.482467919588088989e-02,-2.689981758594512939e-01,3.461352363228797913e-02,7.141657471656799316e-01,7.643021643161773682e-02,2.150247097015380859e-01,1.221659064292907715e+00,2.443447351455688477e+00,-2.069575190544128418e-01,-3.187071382999420166e-01,-3.330505266785621643e-02,7.141659855842590332e-01,1.000460460782051086e-01,-1.730580478906631470e-01,1.221660614013671875e+00,2.443450450897216797e+00
2.620830386877059937e-02,4.713179171085357666e-02,1.084314584732055664e+00,-4.286795854568481445e-02,4.995966330170631409e-02,6.887132525444030762e-01,7.220391035079956055e-01,9.670160710811614990e-03,-2.703779190778732300e-02,9.465783089399337769e-02,-2.695579230785369873e-01,3.501295298337936401e-02,7.141657471656799316e-01,7.594075798988342285e-02,2.148804813623428345e-01,1.221659302711486816e+00,2.443447828292846680e+00,-2.067761570215225220e-01,-3.191603124141693115e-01,-3.272431716322898865e-02,7.141659855842590332e-01,1.009497195482254028e-01,-1.728135347366333008e-01,1.221660614013671875e+00,2.443450450897216797e+00
